Mineral,(Mg+Fe)/Al,(Mg+Fe)/Si,(Ca+Na)/Al,K/(K+Na+Ca),K/(Al+Si),Al/Si,Fe/Si,Ca/Si,K/Si,K/Al,Ca/Na,P/Ca,Ti/Fe,Mg/Al,|Na|,|Mg|,|Al|,|Si|,|P|,|K|,|Ca|,|Ti|,|Fe|
Albite,0.00098866,0.00034905,0.73644155,0.05621337,0.01144549,0.35305861,0.00029381,0.00951735,0.01548642,0.04386358,0.03799499,0.18720317,1.32478633,0.00015648,0.15357365,0.00003387,0.21645801,0.61309371,0.00109234,0.00949462,0.00583503,0.00023864,0.00018013
Albite,0.00086722,0.00030605,0.66920274,0.05389018,0.00994307,0.35290941,0.00030476,0.00248955,0.01345207,0.03811762,0.01065375,0.05113636,1.40928270,0.00000364,0.14574000,0.00000080,0.22010173,0.62367770,0.00007940,0.00838975,0.00155268,0.00026787,0.00019008
Albite,0.00083569,0.00029709,0.73500932,0.04607731,0.00931115,0.35549608,0.00029586,0.00179725,0.01262123,0.03550314,0.00692592,0.74931694,1.36514523,0.00000345,0.15905754,0.00000075,0.21790086,0.61294869,0.00082546,0.00773617,0.00110162,0.00024756,0.00018135
Albite,0.00066773,0.00023791,0.77675649,0.06485187,0.01415067,0.35628869,0.00023685,0.00145375,0.01919239,0.05386752,0.00528067,2.47212165,1.65333333,0.00000295,0.16619587,0.00000064,0.21509121,0.60369924,0.00216960,0.01158643,0.00087763,0.00023641,0.00014299
Albite,0.00082831,0.00028461,0.53137604,0.07293637,0.01069115,0.34360518,0.00028312,0.00284612,0.01436469,0.04180580,0.01583485,0.00000000,2.04736842,0.00000434,0.11660528,0.00000097,0.22291504,0.64875342,0.00000000,0.00931914,0.00184643,0.00037605,0.00018368
Albite,0.00106486,0.00036793,0.61218054,0.06388230,0.01072775,0.34551581,0.00036664,0.00148978,0.01443436,0.04177627,0.00709325,0.11525130,1.61619718,0.00000374,0.13355476,0.00000082,0.21970986,0.63588945,0.00010918,0.00917866,0.00094734,0.00037680,0.00023314
Albite,0.00045696,0.00016233,0.77900943,0.06692938,0.01464738,0.35525020,0.00016129,0.00153956,0.01985086,0.05587854,0.00559425,2.88707483,2.15584416,0.00000295,0.16610565,0.00000063,0.21441959,0.60357345,0.00268277,0.01198145,0.00092924,0.00020987,0.00009735
Albite,0.00111191,0.00040790,0.72587154,0.05602433,0.01156226,0.36684942,0.00037791,0.00087219,0.01580387,0.04307999,0.00328617,6.95048143,1.24126984,0.00008176,0.16028558,0.00001811,0.22154375,0.60390922,0.00366100,0.00954410,0.00052673,0.00028329,0.00022822
Albite,0.00103050,0.00036537,0.69759275,0.03983388,0.00757520,0.35455396,0.00036391,0.00237636,0.01026102,0.02894064,0.00970109,0.06765068,1.20080321,0.00000412,0.15185421,0.00000091,0.21979496,0.61991962,0.00009966,0.00636101,0.00147315,0.00027089,0.00022559
Albite,0.00026938,0.00009719,0.83863399,0.06497961,0.01545190,0.36077874,0.00005748,0.00120176,0.02102662,0.05828120,0.00398779,6.44434783,9.07272727,0.00011007,0.17803169,0.00002346,0.21313427,0.59076171,0.00457519,0.01242172,0.00070995,0.00030806,0.00003395
Albite,0.00090603,0.00032108,0.76109970,0.05728775,0.01210183,0.35437815,0.00031998,0.00161091,0.01639046,0.04625132,0.00600848,1.74520548,1.15862069,0.00000311,0.16308273,0.00000067,0.21555994,0.60827662,0.00171009,0.00996993,0.00097988,0.00022551,0.00019463
Albite,0.04096870,0.01515593,0.84801672,0.07416190,0.01834338,0.36993924,0.00028625,0.00316376,0.02512931,0.06792822,0.01018758,4.35650794,1.32280702,0.04019493,0.17867255,0.00855513,0.21284108,0.57534065,0.00792990,0.01445792,0.00182024,0.00021785,0.00016469
Albite,0.02811664,0.01020524,0.77063580,0.06890791,0.01518805,0.36296086,0.00032734,0.00267543,0.02070072,0.05703292,0.00965735,3.77487765,0.17666667,0.02721479,0.16453614,0.00586666,0.21556892,0.59391780,0.00599821,0.01229452,0.00158898,0.00003435,0.00019441
Albite,0.01407575,0.00503275,0.69238337,0.07861690,0.01555969,0.35754755,0.00014849,0.00311506,0.02112302,0.05907752,0.01274341,2.47430696,2.17730497,0.01366046,0.14911595,0.00297949,0.21811066,0.61001862,0.00470179,0.01288544,0.00190025,0.00019722,0.00009058
Albite,0.00096821,0.00034020,0.66974514,0.06698313,0.01250203,0.35137508,0.00027765,0.00088782,0.01689493,0.04808233,0.00378692,5.26699629,0.57312253,0.00017803,0.14572803,0.00003888,0.21841127,0.62159010,0.00290665,0.01050172,0.00055186,0.00009891,0.00017258
Albite,0.03189507,0.01167744,0.76077994,0.07437565,0.01638287,0.36612045,0.00025123,0.00400620,0.02238098,0.06113009,0.01459291,2.81212903,1.15226337,0.03120888,0.16241823,0.00675998,0.21660453,0.59162097,0.00666518,0.01324106,0.00237015,0.00017126,0.00014863
Albite,0.01552412,0.00558479,0.74545727,0.06089111,0.01278798,0.35974939,0.00026420,0.00133932,0.01738844,0.04833488,0.00501920,5.50724638,0.00000000,0.01478973,0.16091316,0.00320851,0.21694176,0.60303579,0.00444795,0.01048585,0.00080766,0.00000000,0.00015932
Albite,0.00230554,0.00079963,0.58969595,0.05601175,0.00901039,0.34682866,0.00079833,0.00070906,0.01213545,0.03498974,0.00347892,0.89051095,0.09400324,0.00000373,0.13023337,0.00000083,0.22161666,0.63898022,0.00040347,0.00775431,0.00045307,0.00004795,0.00051012
Albite,0.00249088,0.00088593,0.65655743,0.06588421,0.01214912,0.35566791,0.00044073,0.00112866,0.01647017,0.04630771,0.00485680,4.74727453,0.00761421,0.00125173,0.14416991,0.00027620,0.22065110,0.62038518,0.00332406,0.01021785,0.00070020,0.00000208,0.00027342
Albite,0.00098806,0.00034883,0.63865299,0.07274444,0.01307335,0.35304897,0.00022409,0.00100896,0.01768888,0.05010318,0.00449494,4.27789934,0.27586207,0.00035332,0.14020934,0.00007792,0.22052598,0.62463282,0.00269607,0.01104905,0.00063023,0.00003861,0.00013998
Albite,0.01119009,0.00404390,0.74499925,0.05997815,0.01261822,0.36138272,0.00018455,0.00089901,0.01717823,0.04753472,0.00335036,7.78151261,0.05263158,0.01067941,0.16175812,0.00232654,0.21785266,0.60283088,0.00421718,0.01035557,0.00054195,0.00000586,0.00011125
Albite,0.01590149,0.00557856,0.66777748,0.07541948,0.01414677,0.35081967,0.00041881,0.00200909,0.01910973,0.05447166,0.00865018,3.20190590,1.98000000,0.01470769,0.14363308,0.00319086,0.21695181,0.61841404,0.00397822,0.01181772,0.00124245,0.00051282,0.00025900
Albite,0.00308391,0.00108062,0.61976389,0.07199073,0.01247549,0.35040603,0.00043148,0.00205051,0.01684698,0.04807846,0.00953198,2.64928616,0.96460177,0.00185253,0.13517977,0.00040792,0.22019402,0.62839679,0.00341369,0.01058659,0.00128853,0.00026155,0.00027114
Albite,0.00155489,0.00053830,0.53687210,0.08847709,0.01340127,0.34619405,0.00053699,0.00340354,0.01804071,0.05211156,0.01865378,0.83454894,3.89781022,0.00000377,0.11729370,0.00000084,0.22255147,0.64285180,0.00182597,0.01159750,0.00218797,0.00134554,0.00034520
Albite,0.01149846,0.00413269,0.74786474,0.06153280,0.01296440,0.35941236,0.00032681,0.00048030,0.01762397,0.04903550,0.00179009,14.55000000,0.02555911,0.01058916,0.16193023,0.00229691,0.21691102,0.60351575,0.00421761,0.01063634,0.00028987,0.00000504,0.00019724
Albite,0.01920557,0.00688852,0.71085877,0.07843869,0.01597251,0.35867309,0.00034142,0.00243949,0.02170142,0.06050475,0.00966032,3.75248380,1.00925926,0.01825367,0.15288624,0.00396379,0.21715026,0.60542668,0.00554216,0.01313862,0.00147693,0.00020862,0.00020671
Albite,0.00849819,0.00306018,0.77075443,0.05382336,0.01160821,0.36009809,0.00035871,0.00068195,0.01578830,0.04384444,0.00246313,9.64041605,0.00000000,0.00750204,0.16647860,0.00162439,0.21652637,0.60129829,0.00395313,0.00949348,0.00041006,0.00000000,0.00021569
Albite,0.01767075,0.00638486,0.69985132,0.07044090,0.01407631,0.36132375,0.00025853,0.00273861,0.01916241,0.05303392,0.01094855,2.93379649,0.59307359,0.01695524,0.15178681,0.00371759,0.21925893,0.60682124,0.00487551,0.01162816,0.00166185,0.00009304,0.00015688
Albite,0.00190082,0.00067491,0.63130625,0.07675303,0.01375188,0.35506120,0.00040717,0.00201239,0.01863464,0.05248289,0.00905910,2.63641938,0.48181818,0.00075407,0.13848911,0.00016692,0.22135643,0.62343177,0.00330762,0.01161742,0.00125459,0.00012231,0.00025384
Albite,0.00270016,0.00094937,0.61532880,0.07149701,0.01232565,0.35159700,0.00016681,0.00209008,0.01665931,0.04738183,0.00975498,2.02288732,1.84558824,0.00222571,0.13474569,0.00049214,0.22111777,0.62889550,0.00265897,0.01047696,0.00131444,0.00019362,0.00010491
Albite,0.01290065,0.00463428,0.70456362,0.07366263,0.01480731,0.35922815,0.00034446,0.00211036,0.02012652,0.05602711,0.00840817,3.69269521,0.51234568,0.01194176,0.15257141,0.00260770,0.21836816,0.60788152,0.00473716,0.01223454,0.00128285,0.00010728,0.00020939
Albite,0.00093663,0.00032143,0.56304622,0.07683221,0.01197272,0.34317822,0.00032020,0.00108298,0.01608150,0.04686048,0.00563634,1.32420091,0.29729730,0.00000360,0.12361695,0.00000080,0.22078772,0.64336169,0.00092263,0.01034622,0.00069675,0.00006124,0.00020600
Albite,0.00086627,0.00030136,0.65288937,0.05712513,0.01020933,0.34788669,0.00030011,0.00276627,0.01376102,0.03955604,0.01232930,0.89378121,0.17154812,0.00000361,0.14096797,0.00000079,0.21857609,0.62829679,0.00155343,0.00864600,0.00173804,0.00003235,0.00018856
Albite,0.01349940,0.00482431,0.69303887,0.06043906,0.01173741,0.35737234,0.00054605,0.00149212,0.01593204,0.04458105,0.00606108,3.96000000,0.09534884,0.01197143,0.15086804,0.00262186,0.21901003,0.61283429,0.00362111,0.00976370,0.00091442,0.00003191,0.00033464
Albite,0.01217062,0.00434545,0.70617450,0.06165247,0.01220749,0.35704389,0.00046594,0.00066037,0.01656610,0.04639795,0.00262597,9.28934010,0.04556355,0.01086562,0.15369014,0.00237098,0.21820913,0.61115493,0.00374904,0.01012446,0.00040359,0.00001297,0.00028476
Albite,0.02580946,0.00936592,0.74845388,0.07061946,0.01514285,0.36288712,0.00031170,0.00251371,0.02063799,0.05687165,0.00934150,4.13577133,0.51525424,0.02495050,0.16064609,0.00540533,0.21664230,0.59699638,0.00620645,0.01232081,0.00150068,0.00009588,0.00018609
Albite,0.01138789,0.00412184,0.76219322,0.05755277,0.01236976,0.36194955,0.00013729,0.00047130,0.01684699,0.04654514,0.00171131,15.81521739,0.00000000,0.01100858,0.16528407,0.00239133,0.21722435,0.60015090,0.00447337,0.01011074,0.00028285,0.00000000,0.00008240
Albite,0.01677138,0.00603231,0.76085355,0.04894594,0.01035836,0.35967897,0.00039999,0.00050129,0.01408405,0.03915728,0.00183512,14.43264249,0.00000000,0.01565930,0.16448657,0.00339155,0.21658363,0.60215817,0.00435654,0.00848083,0.00030185,0.00000000,0.00024086
Albite,0.00255940,0.00089406,0.61857040,0.07993905,0.01391374,0.34932431,0.00034871,0.00182700,0.01877415,0.05374419,0.00852722,2.66958698,1.32131148,0.00156117,0.13471644,0.00034290,0.21964387,0.62876778,0.00306670,0.01180458,0.00114876,0.00028971,0.00021926
Albite,0.03222414,0.01195502,0.78479314,0.06756368,0.01538800,0.37099578,0.00048955,0.00227157,0.02109688,0.05686556,0.00786328,4.98021864,0.15458937,0.03090457,0.16927508,0.00671834,0.21738995,0.58596340,0.00662896,0.01236200,0.00133106,0.00004435,0.00028686
Albite,0.00136202,0.00047864,0.63585571,0.06190547,0.01091126,0.35141772,0.00039564,0.00034448,0.01474567,0.04196053,0.00154403,10.64356436,0.26149425,0.00023617,0.13997846,0.00005207,0.22048176,0.62740650,0.00230040,0.00925153,0.00021613,0.00006491,0.00024823
Albite,0.02726452,0.00991713,0.74924103,0.08041152,0.01747445,0.36373752,0.00045675,0.00406096,0.02383057,0.06551584,0.01512652,2.72129436,2.95127610,0.02600880,0.15957222,0.00562311,0.21620011,0.59438496,0.00656858,0.01416453,0.00241377,0.00080123,0.00027149
Albite,0.00180169,0.00063314,0.63058775,0.07762799,0.01380025,0.35141238,0.00041729,0.00167028,0.01864983,0.05307106,0.00759475,2.49237906,0.19098143,0.00061421,0.13775216,0.00013519,0.22010950,0.62635671,0.00260751,0.01168144,0.00104619,0.00004992,0.00026138
Albite,0.00061181,0.00021584,0.65723117,0.06123579,0.01118035,0.35279294,0.00021471,0.00139110,0.01512470,0.04287133,0.00603579,2.30950447,0.81052632,0.00000320,0.14374287,0.00000070,0.22002984,0.62367983,0.00200373,0.00943297,0.00086760,0.00010854,0.00013391
Albite,0.01510002,0.00535483,0.69620670,0.06303383,0.01226132,0.35462384,0.00039649,0.00210358,0.01660948,0.04683688,0.00859347,3.02810144,1.18181818,0.01398195,0.15014734,0.00304133,0.21751819,0.61337725,0.00390712,0.01018787,0.00129029,0.00028742,0.00024320
Albite,0.00351640,0.00120882,0.46945831,0.09809503,0.01306241,0.34376673,0.00120698,0.00630064,0.01755283,0.05106029,0.04062738,0.02811951,4.96177370,0.00000537,0.10135658,0.00000121,0.22467262,0.65356127,0.00011579,0.01147185,0.00411785,0.00391401,0.00078883
Albite,0.00254754,0.00087547,0.50221632,0.09588345,0.01362206,0.34365251,0.00087406,0.00471741,0.01830331,0.05326109,0.02810146,0.32588621,4.45337621,0.00000409,0.10894675,0.00000091,0.22302802,0.64899284,0.00099772,0.01187872,0.00306156,0.00252622,0.00056726
Albite,0.00182787,0.00064060,0.62059000,0.07065140,0.01224348,0.35046128,0.00063936,0.00265761,0.01653434,0.04717880,0.01237048,1.18613309,2.05996132,0.00000353,0.13515059,0.00000078,0.22047160,0.62908974,0.00198307,0.01040159,0.00167188,0.00082855,0.00040222
Albite,0.00581647,0.00206145,0.62845428,0.06366557,0.01118171,0.35441566,0.00206003,0.00093715,0.01514468,0.04273142,0.00422526,2.21331316,0.23193393,0.00000400,0.13889148,0.00000089,0.22193871,0.62621022,0.00129889,0.00948376,0.00058685,0.00029920,0.00129001
Albite,0.01572819,0.00560860,0.68441934,0.07901928,0.01543583,0.35659522,0.00030108,0.00346522,0.02094018,0.05872254,0.01440268,2.18087855,5.03717472,0.01488387,0.14703820,0.00324365,0.21793064,0.61114292,0.00461854,0.01279744,0.00211774,0.00092686,0.00018400
Albite,0.00089212,0.00031267,0.61651249,0.06666667,0.01142845,0.35047823,0.00031152,0.00034382,0.01543387,0.04403661,0.00159375,7.55704698,0.34074074,0.00000329,0.13610721,0.00000073,0.22112144,0.63091347,0.00163929,0.00973744,0.00021692,0.00006697,0.00019654
Albite,0.00169819,0.00058423,0.48345515,0.11170941,0.01556253,0.34403195,0.00058177,0.00488587,0.02091653,0.06079822,0.03026463,0.10191726,7.92372881,0.00000717,0.10503701,0.00000160,0.22383859,0.65063314,0.00032399,0.01360899,0.00317891,0.00299927,0.00037852
Albite,0.00240482,0.00082358,0.51599518,0.08732973,0.01259543,0.34247141,0.00082193,0.00460315,0.01690901,0.04937349,0.02674530,0.24166368,5.03212851,0.00000482,0.11160306,0.00000107,0.22207168,0.64843860,0.00072133,0.01096446,0.00298486,0.00268198,0.00053297
Albite,0.00200284,0.00083733,0.44903883,0.05912874,0.00831961,0.41806881,0.00072054,0.00041173,0.01179778,0.02821970,0.00219806,0.83653846,0.55219780,0.00027936,0.11568691,0.00007213,0.25819860,0.61759834,0.00021272,0.00728629,0.00025429,0.00024573,0.00044500
Albite,0.00481953,0.00170657,0.71455869,0.06277599,0.01251576,0.35409350,0.00027924,0.00044034,0.01694751,0.04786169,0.00174335,12.34634146,0.02692308,0.00403094,0.15484206,0.00087501,0.21707384,0.61304102,0.00333281,0.01038952,0.00026994,0.00000461,0.00017118
Albite,0.01397911,0.00494064,0.65822776,0.07325454,0.01358682,0.35342991,0.00030062,0.00293267,0.01838881,0.05202957,0.01276713,2.23313149,1.69620253,0.01312852,0.14210393,0.00287049,0.21864497,0.61863744,0.00405148,0.01137601,0.00181426,0.00031546,0.00018598
Albite,0.04918955,0.01830355,0.80408250,0.09108498,0.02185245,0.37210244,0.00058289,0.00654229,0.02998380,0.08057941,0.02235466,3.77055384,4.27799228,0.04762308,0.16754450,0.01014492,0.21302528,0.57249096,0.01412223,0.01716545,0.00374540,0.00142756,0.00033370
Albite,0.00160377,0.00056519,0.62996432,0.05996552,0.01047164,0.35241127,0.00052136,0.00161828,0.01416197,0.04018591,0.00734286,2.12544547,0.07079646,0.00012437,0.13838081,0.00002752,0.22127749,0.62789561,0.00215969,0.00889224,0.00101611,0.00002318,0.00032736
Albite,0.00370818,0.00129040,0.62145192,0.04751968,0.00800393,0.34798803,0.00028208,0.00095689,0.01078920,0.03100452,0.00444444,2.85179153,1.62430939,0.00289758,0.13630847,0.00063838,0.22031356,0.63310673,0.00172766,0.00683072,0.00060582,0.00029008,0.00017859
Albite,0.00158220,0.00055047,0.61153028,0.07345285,0.01251324,0.34791509,0.00054875,0.00552536,0.01686679,0.04847960,0.02666224,0.39539228,4.67711599,0.00000494,0.13092587,0.00000109,0.21980375,0.63177411,0.00138023,0.01065600,0.00349078,0.00162149,0.00034669
Albite,0.00301560,0.00102854,0.49031147,0.10273253,0.01427756,0.34107410,0.00102676,0.00614101,0.01914727,0.05613815,0.03812122,0.12605042,6.05372617,0.00000522,0.10491335,0.00000116,0.22212977,0.65126542,0.00050413,0.01246996,0.00399943,0.00404810,0.00066870
Apatite,55.73913043,0.65946502,16987.78261000,0.00000000,0.00000000,0.01183128,0.13631687,195.23662550,0.00000000,0.00000000,33.95115842,0.82742267,4.87924528,44.21739130,0.01576059,0.00143381,0.00003243,0.00274073,0.44274575,0.00000000,0.53509018,0.00182292,0.00037361
Apatite,65535.00000000,0.19687712,65535.00000000,0.00000000,0.00000000,0.00000000,0.19687712,332.09775970,0.00000000,,144.72781070,0.79635308,4.51724138,,0.00381838,0.00000000,0.00000000,0.00166404,0.44008482,0.00000000,0.55262525,0.00147990,0.00032761
Apatite,0.50446429,0.29011553,232.22098210,0.00000000,0.00000000,0.57509628,0.29011553,133.35044930,0.00000000,0.00000000,670.19354840,0.74373315,2.09734513,0.00000000,0.00084597,0.00000000,0.00244514,0.00425170,0.42167110,0.00000000,0.56696558,0.00258704,0.00123348
Apatite,1.23611111,0.08745496,1846.48611100,0.00000000,0.00000000,0.07075008,0.06518179,129.87225680,0.00000000,0.00000000,169.37206320,0.80060530,5.82914573,0.31481482,0.00324698,0.00009432,0.00029959,0.00423453,0.44029144,0.00000000,0.54994820,0.00160893,0.00027601
Apatite,0.00000000,0.00000000,4262.72519100,0.00000000,0.00000000,0.06491576,0.00000000,275.71357780,0.00000000,0.00000000,274.48939320,0.82018009,65535.00000000,0.00000000,0.00199138,0.00000000,0.00012870,0.00198254,0.44832133,0.00000000,0.54661328,0.00096278,0.00000000
Apatite,1.21066388,1.19166452,48.07631992,0.00003262,0.00077791,0.98430666,0.03730383,45.08361204,0.00154361,0.00156822,20.14252874,0.81436887,4.01379310,1.17276529,0.02561966,0.01321327,0.01126676,0.01144639,0.42025072,0.00001767,0.51604468,0.00171387,0.00042699
Apatite,0.35518635,0.17699709,77.71935339,0.00068130,0.01762246,0.49832177,0.01901992,38.34638622,0.02640412,0.05298608,100.15780250,0.78555173,6.52941177,0.31701841,0.00541694,0.00223516,0.00705057,0.01414863,0.42620013,0.00037358,0.54254878,0.00175710,0.00026911
Apatite,1.43220339,3.01785714,816.62711860,0.01756640,9.90229885,2.10714286,3.01785714,1720.75000000,30.76785714,14.60169492,65535.00000000,0.28404350,1.17159763,0.00000000,0.00000000,0.00000000,0.00093653,0.00044446,0.21723533,0.01367493,0.76479599,0.00157147,0.00134130
Apatite,65535.00000000,0.00651112,65535.00000000,0.00000185,0.00054259,0.00000000,0.00651112,292.59902330,0.00054259,65535.00000000,65535.00000000,0.73888291,69.83333333,,0.00000000,0.00000000,0.00000000,0.00195980,0.42370088,0.00000106,0.57343440,0.00089111,0.00001276
Apatite,65535.00000000,0.07527473,65535.00000000,0.00000000,0.00000000,0.00000000,0.07472528,276.81868130,0.00000000,,91.28646494,0.81568448,11.54411765,65535.00000000,0.00597420,0.00000108,0.00000000,0.00197011,0.44484448,0.00000000,0.54536342,0.00169949,0.00014722
Apatite,65535.00000000,65535.00000000,65535.00000000,0.00469244,65535.00000000,,65535.00000000,65535.00000000,65535.00000000,65535.00000000,65535.00000000,0.22094923,1.27424749,,0.00000000,0.00000000,0.00000000,0.00000000,0.17987532,0.00383814,0.81410250,0.00122371,0.00096034
Apatite,65535.00000000,0.00925498,65535.00000000,0.00000000,0.00000000,0.00000000,0.00925498,250.50439610,0.00000000,,2506.20370400,0.76170244,48.25000000,,0.00022570,0.00000000,0.00000000,0.00225800,0.43084839,0.00000000,0.56563871,0.00100832,0.00002090
Apatite,65535.00000000,0.02693878,65535.00000000,0.00148163,0.50857143,0.00000000,0.02693878,342.74285710,0.50857143,65535.00000000,65535.00000000,0.61437146,22.90909091,,0.00000000,0.00000000,0.00000000,0.00180029,0.37908904,0.00091558,0.61703557,0.00111103,0.00004850
Apatite,65535.00000000,0.05612245,65535.00000000,0.00064332,1.39795918,0.00000000,0.05612245,2171.63265300,1.39795918,65535.00000000,65535.00000000,0.53183441,69.63636364,,0.00000000,0.00000000,0.00000000,0.00030004,0.34652518,0.00041944,0.65156592,0.00117259,0.00001684
Apatite,0.69597070,0.05643006,1385.78022000,0.00000000,0.00000000,0.08108108,0.05643006,112.31957230,0.00000000,0.00000000,2740.43478300,0.75226083,5.16842105,0.00000000,0.00020670,0.00000000,0.00040892,0.00504329,0.42612564,0.00000000,0.56645996,0.00147090,0.00028459
Apatite,65535.00000000,0.04909345,65535.00000000,0.00002330,0.00306834,0.00000000,0.04909345,131.67364020,0.00306834,65535.00000000,4104.78260900,0.69903612,6.01704546,,0.00014251,0.00000000,0.00000000,0.00444251,0.40890931,0.00001363,0.58496164,0.00131231,0.00021810
Apatite,65535.00000000,3.41379310,65535.00000000,0.00328936,29.20689655,0.00000000,3.41379310,8850.00000000,29.20689655,65535.00000000,65535.00000000,0.50863043,6.02020202,,0.00000000,0.00000000,0.00000000,0.00007460,0.33578471,0.00217872,0.66017425,0.00153308,0.00025466
Apatite,0.27826087,0.03325712,782.32173910,0.00000000,0.00000000,0.11951777,0.03325712,93.18229058,0.00000000,0.00000000,292.05211730,0.78799911,6.32500000,0.00000000,0.00189587,0.00000000,0.00071018,0.00594205,0.43631037,0.00000000,0.55369399,0.00124992,0.00019762
Apatite,0.00000000,0.00000000,7839.87142900,0.00000000,0.00000000,0.03094607,0.00000000,241.18921310,0.00000000,0.00000000,169.37907480,0.82152611,65535.00000000,0.00000000,0.00321900,0.00000000,0.00006996,0.00226060,0.44792184,0.00000000,0.54523141,0.00129719,0.00000000
Apatite,9.96969697,0.15126437,15041.66667000,0.00000000,0.00000000,0.01517241,0.15126437,227.55862070,0.00000000,0.00000000,344.90592330,0.79874328,3.50455927,0.00000000,0.00160265,0.00000000,0.00003686,0.00242910,0.44151464,0.00000000,0.55276163,0.00128770,0.00036744
Apatite,0.00000000,0.00000000,3551.48407600,0.00008787,0.01715686,0.05816969,0.00000000,206.58762500,0.01815487,0.31210191,185860.00000000,0.76995229,65535.00000000,0.00000000,0.00000303,0.00000000,0.00015851,0.00272497,0.43344113,0.00004947,0.56294543,0.00067746,0.00000000
Apatite,1.98936170,0.05164319,5280.42553200,0.00000000,0.00000000,0.02595968,0.05164319,136.86274510,0.00000000,0.00000000,635.35897440,0.77626216,4.97860963,0.00000000,0.00088047,0.00000000,0.00010611,0.00408740,0.43425109,0.00000000,0.55941293,0.00105092,0.00021109
Apatite,0.27967359,0.12368766,202.19362020,0.00000000,0.00000000,0.44225722,0.05479003,88.59580052,0.00000000,0.00000000,107.28645210,0.81128722,5.11377246,0.15578635,0.00506170,0.00042231,0.00271083,0.00612954,0.44057080,0.00000000,0.54305158,0.00171740,0.00033584
Apatite,2.50000000,0.00167673,261510.00000000,0.00000000,0.00000000,0.00067069,0.00167673,175.25150910,0.00000000,0.00000000,1244.28571400,0.76528894,176.20000000,0.00000000,0.00045316,0.00000000,0.00000216,0.00321742,0.43151387,0.00000000,0.56385745,0.00095055,0.00000539
Apatite,65535.00000000,0.01166902,65535.00000000,0.00000000,0.00000000,0.00000000,0.01166902,197.13578500,0.00000000,,65535.00000000,0.77678924,32.54545455,,0.00000000,0.00000000,0.00000000,0.00284365,0.43545719,0.00000000,0.56058603,0.00107995,0.00003318
Apatite,4.93939394,0.21551344,4439.39393900,0.00152214,0.28293919,0.04363156,0.21551344,193.69766420,0.29528427,6.76767677,65535.00000000,0.64737201,3.94274029,0.00000000,0.00000000,0.00000000,0.00013571,0.00311046,0.39003393,0.00091847,0.60248809,0.00264300,0.00067035
Apatite,65535.00000000,0.00296883,65535.00000000,0.00000000,0.00000000,0.00000000,0.00296883,257.32805540,0.00000000,,748.28776980,0.78002538,192.16666670,,0.00074764,0.00000000,0.00000000,0.00217407,0.43638359,0.00000000,0.55944793,0.00124033,0.00000645
Apatite,65535.00000000,0.00286299,65535.00000000,0.00000000,0.00000000,0.00000000,0.00286299,216.10224950,0.00000000,,4261.04838700,0.76815489,146.14285710,,0.00013222,0.00000000,0.00000000,0.00260706,0.43277151,0.00000000,0.56339095,0.00109081,0.00000746
Apatite,0.00000000,0.00000000,3330.28655000,0.00000000,0.00000000,0.07008197,0.00000000,232.89754100,0.00000000,0.00000000,470.03308520,0.80106288,65535.00000000,0.00000000,0.00117548,0.00000000,0.00016626,0.00237235,0.44259928,0.00000000,0.55251503,0.00117159,0.00000000
Apatite,0.00000000,0.00000000,8773.56060600,0.00000000,0.00000000,0.02319859,0.00000000,203.32864670,0.00000000,0.00000000,988.83760680,0.79219320,65535.00000000,0.00000000,0.00056184,0.00000000,0.00006339,0.00273235,0.44011494,0.00000000,0.55556516,0.00096233,0.00000000
Apatite,0.05450237,0.01463104,422.78041070,0.00040900,0.03660983,0.26844784,0.00614928,113.18278200,0.04643766,0.17298578,363.10884350,0.78117916,30.93103448,0.03159558,0.00153224,0.00004169,0.00131961,0.00491569,0.43462580,0.00022827,0.55637148,0.00093498,0.00003023
Apatite,65535.00000000,0.07470466,65535.00000000,0.00000000,0.00000000,0.00000000,0.07470466,181.69214730,0.00000000,,658.57682620,0.77826012,6.02325581,,0.00084915,0.00000000,0.00000000,0.00307790,0.43522713,0.00000000,0.55923093,0.00138495,0.00022993
Apatite,0.20833333,0.03195489,1194.29166700,0.00000000,0.00000000,0.15338346,0.00000000,182.66165410,0.00000000,0.00000000,349.30266000,0.78004857,65535.00000000,0.20833333,0.00159838,0.00009767,0.00046883,0.00305658,0.43551603,0.00000000,0.55831911,0.00094340,0.00000000
Apatite,0.31591738,0.06869221,467.15674360,0.00005202,0.00434028,0.21743725,0.06869221,101.57727870,0.00528402,0.02430134,65535.00000000,0.68494291,4.02692308,0.00000000,0.00000000,0.00000000,0.00125890,0.00578972,0.40281761,0.00003059,0.58810392,0.00160154,0.00039771
Apatite,2.89189189,0.07979120,7068.93243200,0.00000000,0.00000000,0.02759135,0.07979120,194.67188670,0.00000000,0.00000000,526.85166500,0.76464730,5.81775701,0.00000000,0.00106956,0.00000000,0.00007987,0.00289462,0.43087985,0.00000000,0.56350143,0.00134370,0.00023097
Apatite,65535.00000000,0.18655462,65535.00000000,0.00032102,0.08739496,0.00000000,0.18655462,272.15686270,0.08739496,65535.00000000,65535.00000000,0.67338411,2.63663664,,0.00000000,0.00000000,0.00000000,0.00218728,0.40085433,0.00019116,0.59528332,0.00107587,0.00040805
Apatite,0.54264524,0.10489845,591.74289250,0.00367337,0.35342411,0.19330944,0.10489845,114.38948630,0.42174433,2.18170581,65535.00000000,0.67715993,7.30068337,0.00000000,0.00000000,0.00000000,0.00099472,0.00514575,0.39858944,0.00217019,0.58861935,0.00394077,0.00053978
Apatite,0.59649123,0.04892086,1792.37193000,0.00000000,0.00000000,0.08201439,0.04546763,146.56115110,0.00000000,0.00000000,333.74836170,0.78399764,7.10126582,0.04210526,0.00166745,0.00001311,0.00031142,0.00379712,0.43630241,0.00000000,0.55650984,0.00122600,0.00017265
Augite,2.32199838,0.38187377,2.24460294,0.00477099,0.00151970,0.16445910,0.05602046,0.35770670,0.00176963,0.01076032,31.27166694,0.00442913,0.27021037,1.98136380,0.00591461,0.16848937,0.08503707,0.51707123,0.00081921,0.00091503,0.18495984,0.00782707,0.02896657
Augite,1.15272893,0.33921502,0.61582615,0.11375845,0.01797265,0.29427128,0.10777905,0.14475335,0.02326149,0.07904778,3.96947791,0.07038311,0.24929794,0.78647147,0.01944859,0.12343087,0.15694259,0.53332622,0.00543363,0.01240596,0.07720076,0.01432999,0.05748139
Augite,3.10560699,0.35468440,3.46427505,0.00182316,0.00064857,0.11420776,0.05839995,0.39125152,0.00072265,0.00632746,89.01066925,0.00005448,0.26452767,2.59425862,0.00233715,0.15753681,0.06072518,0.53170798,0.00001133,0.00038424,0.20803156,0.00821404,0.03105172
Augite,2.67651280,0.46507585,0.89603763,0.03623033,0.00498655,0.17376186,0.17452726,0.14193738,0.00585302,0.03368413,10.31537881,0.11607252,0.25938126,1.67210795,0.00738926,0.15603007,0.09331340,0.53701885,0.00884740,0.00314318,0.07622305,0.02431036,0.09372443
Augite,2.64496987,0.38949597,2.58257119,0.01284914,0.00431483,0.14725913,0.05053376,0.36879420,0.00495023,0.03361576,32.03286385,0.05414285,0.28950887,2.30180773,0.00588415,0.17323953,0.07526238,0.51108804,0.01020519,0.00253000,0.18848630,0.00747720,0.02582720
Augite,3.50752182,0.39366100,3.16762139,0.00000000,0.00000000,0.11223337,0.05346392,0.35082017,0.00000000,0.00000000,74.75928297,0.01114974,0.09496516,3.03115799,0.00250892,0.18188506,0.06000514,0.53464615,0.00209130,0.00000000,0.18756465,0.00271451,0.02858428
Augite,2.80611736,0.40682083,2.44121848,0.00123376,0.00038183,0.14497642,0.05055964,0.34454251,0.00043719,0.00301560,36.74496056,0.01180175,0.28899291,2.45737348,0.00487138,0.18508699,0.07531903,0.51952610,0.00211250,0.00022713,0.17899883,0.00759099,0.02626705
Augite,4.51887640,0.66879521,11.45168539,0.03183213,0.04854060,0.14800033,0.48663840,1.69269144,0.05572462,0.37651685,783.00000000,0.00000000,0.24337069,1.23078652,0.00058652,0.04942115,0.04015412,0.27131101,0.00000000,0.01511870,0.45924582,0.03213232,0.13203036
Augite,4.08054097,0.36324004,4.14389817,0.00934949,0.00319682,0.08901762,0.05053821,0.36258569,0.00348139,0.03910899,57.60576058,0.00250000,0.22650076,3.51280827,0.00342643,0.17022674,0.04845888,0.54437399,0.00049346,0.00189518,0.19738222,0.00623142,0.02751169
Augite,3.10030548,0.35528096,4.34888068,0.01166206,0.00527591,0.11459547,0.07212310,0.49755741,0.00588051,0.05131537,618.37662340,0.00341279,0.31418429,2.47093421,0.00040262,0.14168683,0.05734140,0.50038105,0.00084968,0.00294250,0.24896830,0.01133861,0.03608903
Augite,2.84220856,0.37388320,3.14207467,0.00630813,0.00231885,0.13154671,0.05589424,0.40695301,0.00262389,0.01994644,63.81983679,0.00112625,0.28588821,2.41730822,0.00329060,0.16409612,0.06788382,0.51604347,0.00023652,0.00135404,0.21000544,0.00824612,0.02884386
Augite,3.81326285,0.42792278,5.48789044,0.04719673,0.02742788,0.11221959,0.15696182,0.61448447,0.03050582,0.27184046,450.39525690,0.00000000,0.25516199,2.41456031,0.00061275,0.12169556,0.05040071,0.44912580,0.00000000,0.01370095,0.27598083,0.01798780,0.07049560
Augite,3.18367046,0.37309154,6.13304595,0.02062802,0.01355023,0.11718912,0.13482297,0.71791883,0.01513817,0.12917726,889.14438500,0.00000000,0.33876701,2.03319701,0.00035572,0.10497251,0.05162929,0.44056383,0.00000000,0.00666933,0.31628907,0.02012213,0.05939812
Augite,4.24367845,0.61118258,10.44471003,0.03309770,0.04500966,0.14402189,0.36975703,1.49122171,0.05149204,0.35752925,114.31250000,0.00002430,0.24397295,1.67631149,0.00383544,0.07098225,0.04234431,0.29401299,0.00001065,0.01513933,0.43843855,0.02652312,0.10871337
Augite,3.95743100,0.38098355,3.97068739,0.00213480,0.00074598,0.09627042,0.04829199,0.37468141,0.00081779,0.00849475,49.44108396,0.01974161,0.24801610,3.45580253,0.00403166,0.17699132,0.05121569,0.53199823,0.00393509,0.00043507,0.19932984,0.00637184,0.02569125
Augite,3.00641359,0.35654493,3.54485032,0.00585324,0.00221277,0.11859477,0.06496059,0.41691631,0.00247520,0.02087103,119.65243900,0.00013759,0.27067866,2.45866103,0.00181890,0.15221119,0.06190816,0.52201428,0.00002995,0.00129209,0.21763627,0.00917881,0.03391036
Augite,3.04036819,0.37255649,3.10639175,0.01081925,0.00370888,0.12253664,0.05215657,0.37405255,0.00416336,0.03397644,56.72413793,0.00109037,0.28909034,2.61472754,0.00347910,0.16904176,0.06464986,0.52759616,0.00021518,0.00219657,0.19734869,0.00795508,0.02751761
Augite,3.24294248,0.34252562,3.94178968,0.00478368,0.00181003,0.10562186,0.06215592,0.41428571,0.00200121,0.01894689,201.75146770,0.00000000,0.25401649,2.65446660,0.00109094,0.14895246,0.05611389,0.53127158,0.00000000,0.00106318,0.22009823,0.00838805,0.03302167
Augite,3.03276022,0.38783413,3.01672215,0.00549266,0.00188910,0.12788157,0.05452672,0.37615428,0.00213068,0.01666135,39.06521300,0.00342653,0.27306760,2.60637570,0.00501554,0.17361498,0.06661165,0.52088544,0.00067137,0.00110984,0.19593329,0.00775571,0.02840218
Augite,2.79088281,0.33957737,4.38737017,0.02094653,0.01018217,0.12167382,0.09372020,0.53192060,0.01142108,0.09386635,278.85937500,0.00041464,0.34803625,2.02062512,0.00093535,0.12055729,0.05966336,0.49035498,0.00010815,0.00560038,0.26082992,0.01599441,0.04595616
Augite,3.14820850,0.39247410,2.95079269,0.00539320,0.00177361,0.12466585,0.05682511,0.34844607,0.00199472,0.01600052,17.94539178,0.01790253,0.27399464,2.69238916,0.01017234,0.17584242,0.06531092,0.52388782,0.00326805,0.00104501,0.18254665,0.00815682,0.02976998
Augite,3.80208219,0.39972719,3.39207700,0.00700692,0.00227706,0.10513376,0.04486128,0.34669819,0.00251645,0.02393571,34.93668777,0.00669560,0.24549442,3.37537547,0.00528602,0.18902654,0.05600164,0.53267034,0.00123652,0.00134044,0.18467584,0.00586640,0.02389627
Augite,3.05438693,0.38651026,3.08000843,0.00298493,0.00103580,0.12654267,0.05644444,0.37647397,0.00116687,0.00922115,28.35212355,0.00536006,0.32429879,2.60833630,0.00690045,0.17152558,0.06576053,0.51967082,0.00104866,0.00060639,0.19564254,0.00951250,0.02933253
Augite,2.80294968,0.34805813,3.36320085,0.00544410,0.00203354,0.12417566,0.06393728,0.41261579,0.00228605,0.01840984,82.32725731,0.00044282,0.27729780,2.28805585,0.00262395,0.14874970,0.06501140,0.52354379,0.00009566,0.00119685,0.21602243,0.00928226,0.03347397
Augite,3.00088775,0.35744861,3.51613934,0.00574854,0.00216380,0.11911429,0.06223247,0.41396667,0.00242154,0.02032953,85.25261324,0.00000000,0.30738123,2.47842761,0.00253309,0.15400418,0.06213786,0.52166584,0.00000000,0.00126323,0.21595227,0.00997899,0.03246455
Augite,3.19553173,0.39072295,2.91694691,0.00845179,0.00270889,0.12227166,0.05088473,0.34366363,0.00304011,0.02486355,26.44320539,0.00627666,0.31303196,2.77937042,0.00687351,0.17973438,0.06466730,0.52888219,0.00114083,0.00160786,0.18175758,0.00842433,0.02691203
Augite,3.41320363,0.36286214,3.65045419,0.00678207,0.00239534,0.10631131,0.05231541,0.38432439,0.00264999,0.02492669,102.20930230,0.00000000,0.21017442,2.92110722,0.00200982,0.16598758,0.05682352,0.53450115,0.00000000,0.00141642,0.20542183,0.00587703,0.02796265
Augite,2.58849127,0.34567348,3.88266112,0.01476122,0.00685318,0.13354246,0.09057504,0.51467230,0.00776837,0.05817151,134.45619340,0.00000000,0.31156437,1.91024226,0.00188218,0.12543536,0.06566464,0.49171356,0.00000000,0.00381981,0.25307134,0.01387613,0.04453697
Augite,3.22755356,0.36927385,3.25387146,0.00825618,0.00278105,0.11441293,0.05195079,0.36597815,0.00309924,0.02708818,58.02911208,0.00093313,0.19441598,2.77348953,0.00337350,0.16973572,0.06119934,0.53489880,0.00018267,0.00165778,0.19576127,0.00540251,0.02778842
Augite,2.57531585,0.35905296,2.72239714,0.00899816,0.00302465,0.13942094,0.05943588,0.36985150,0.00344634,0.02471898,38.09890321,0.00130303,0.24202521,2.14901057,0.00511914,0.15799702,0.07352082,0.52732984,0.00025414,0.00181736,0.19503373,0.00758563,0.03134232
Augite,3.40152132,0.34860574,4.08134893,0.00841042,0.00321794,0.10248524,0.06024832,0.41750458,0.00354773,0.03461699,539.78947370,0.00000000,0.28658784,2.81364819,0.00040920,0.15255528,0.05421974,0.52904925,0.00000000,0.00187692,0.22088049,0.00913480,0.03187433
Augite,3.28149379,0.34123789,4.62568622,0.00757310,0.00332485,0.10398858,0.07225269,0.47995693,0.00367060,0.03529808,452.09905660,0.00000000,0.25557057,2.58668015,0.00054487,0.13805573,0.05337178,0.51324657,0.00000000,0.00188392,0.24633625,0.00947744,0.03708344
Augite,2.87429613,0.37597806,2.89750510,0.01042978,0.00353261,0.13080700,0.05539884,0.37049051,0.00399470,0.03053885,43.46719933,0.00271852,0.33139234,2.45078026,0.00446450,0.16791640,0.06851549,0.52379066,0.00052756,0.00209238,0.19405947,0.00961614,0.02901740
Augite,2.75404982,0.38216956,3.06626039,0.00489963,0.00183974,0.13876639,0.06301808,0.42048685,0.00209503,0.01509752,83.97900763,0.00586865,0.28764215,2.29991909,0.00254279,0.16207829,0.07047130,0.50784127,0.00125320,0.00106394,0.21354057,0.00920547,0.03200318
Augite,3.14368238,0.38193497,3.19975196,0.00440717,0.00153443,0.12149286,0.05489294,0.37950040,0.00172086,0.01416426,41.04202401,0.00394421,0.27687085,2.69186208,0.00483967,0.17117325,0.06358916,0.52339831,0.00078344,0.00090069,0.19862987,0.00795474,0.02873087
Augite,2.94092997,0.38020122,2.79132234,0.00695862,0.00223920,0.12927925,0.04763619,0.34703388,0.00252869,0.01955987,25.09978097,0.00262278,0.21964399,2.57245481,0.00733779,0.17649801,0.06861073,0.53071728,0.00048306,0.00134202,0.18417688,0.00555290,0.02528135
Augite,2.91295320,0.37654206,2.95070393,0.01223412,0.00418339,0.12926471,0.05311633,0.37455040,0.00472416,0.03654637,54.50781250,0.00198748,0.31509618,2.50204189,0.00359871,0.16938304,0.06769792,0.52371541,0.00038986,0.00247411,0.19615782,0.00876530,0.02781784
Augite,2.88231121,0.38964345,2.70036758,0.00521687,0.00168642,0.13518438,0.05118996,0.35114637,0.00191439,0.01416135,25.26025336,0.00911619,0.33194823,2.50364352,0.00727054,0.17701697,0.07070375,0.52301713,0.00167424,0.00100126,0.18365557,0.00888732,0.02677323
Augite,4.77129176,0.48724517,14.24478395,0.03733810,0.05119375,0.10212018,0.32929712,1.45466824,0.05642166,0.55250257,124940.00000000,0.00008004,0.31043383,1.54668795,0.00000364,0.04931549,0.03188457,0.31222600,0.00003635,0.01761631,0.45418524,0.03191729,0.10281512
Augite,3.25374018,0.33071319,6.12570282,0.02528083,0.01465873,0.10164093,0.09948533,0.62261881,0.01614865,0.15887943,186300.00000000,0.00000537,0.35837141,2.27494821,0.00000159,0.10975411,0.04824466,0.47465779,0.00000159,0.00766508,0.29553087,0.01692283,0.04722149
Augite,3.68508225,0.41937897,2.94495076,0.00212726,0.00064147,0.11380451,0.04384112,0.32454563,0.00071447,0.00627804,30.60872199,0.00937469,0.26444737,3.29985046,0.00562889,0.19936364,0.06041596,0.53087494,0.00161520,0.00037929,0.17229314,0.00615479,0.02327415
Augite,4.57486009,0.38645802,4.50915603,0.00659397,0.00233142,0.08447428,0.05181354,0.37331694,0.00252837,0.02993060,49.18036871,0.00116509,0.19734297,3.96149541,0.00407006,0.17943131,0.04529383,0.53618487,0.00023321,0.00135567,0.20016690,0.00548251,0.02778164
Augite,2.93878054,0.35117998,3.57501138,0.00770369,0.00296261,0.11949854,0.06800798,0.42529074,0.00331663,0.02775459,221.74940900,0.00000000,0.24857495,2.36966915,0.00099989,0.14763083,0.06230019,0.52134684,0.00000000,0.00172912,0.22172399,0.00881341,0.03545575
Biotite,1.91215317,0.58634907,0.02142721,0.97683521,0.21204844,0.30664336,0.18034674,0.00205711,0.27707168,0.90356328,0.45577792,0.13172805,0.17705792,1.32402129,0.00204334,0.18380816,0.13882568,0.45272685,0.00012268,0.12543779,0.00093131,0.01445639,0.08164781
Biotite,1.93061342,0.63544504,0.03031583,0.96283394,0.19448486,0.32914152,0.16696262,0.00082467,0.25849790,0.78537007,0.09009320,3.26436782,0.16876727,1.42334645,0.00404320,0.20693303,0.14538486,0.44170928,0.00118909,0.11418092,0.00036427,0.01244641,0.07374894
Biotite,1.92061661,0.63644992,0.03214321,0.96010665,0.19254419,0.33137791,0.16968658,0.00144020,0.25634908,0.77358528,0.15635063,1.24713959,0.17258390,1.40855296,0.00406519,0.20599379,0.14624497,0.44132384,0.00079268,0.11313296,0.00063560,0.01292425,0.07488674
Biotite,1.90214548,0.57394412,0.02377572,0.97586841,0.22286517,0.30173513,0.17700527,0.00373499,0.29011142,0.96147711,1.08607418,0.00000000,0.19009939,1.31552082,0.00155849,0.17988601,0.13674129,0.45318318,0.00000000,0.13147362,0.00169263,0.01524898,0.08021581
Biotite,1.91087931,0.60542350,0.00685390,0.99169065,0.19680808,0.31682980,0.15372654,0.00061226,0.25916275,0.81798730,0.39266304,4.22837370,0.17981864,1.42567703,0.00070433,0.20403515,0.14311457,0.45170804,0.00116942,0.11706590,0.00027656,0.01248652,0.06943951
Biotite,1.88629090,0.59886783,0.02100451,0.97477964,0.19563404,0.31748435,0.15201344,0.00108240,0.25774479,0.81183463,0.19376392,1.42145594,0.18492702,1.40748482,0.00252722,0.20215855,0.14363107,0.45240362,0.00069606,0.11660468,0.00048968,0.01271770,0.06877143
Biotite,1.90438669,0.59409745,0.03772554,0.95563861,0.19324359,0.31196261,0.16114023,0.00281959,0.25352836,0.81268830,0.31506059,1.11355311,0.17848673,1.38784969,0.00406188,0.19650768,0.14159147,0.45387320,0.00142506,0.11506973,0.00127974,0.01305403,0.07313723
Biotite,1.94759355,0.63092086,0.06903327,0.91782378,0.18865872,0.32394894,0.17718214,0.00247672,0.24977451,0.77103050,0.12454279,4.19823789,0.16055667,1.40064891,0.00877662,0.20025072,0.14296996,0.44133486,0.00458895,0.11023420,0.00109307,0.01255499,0.07819665
Biotite,1.89500475,0.58723833,0.02761265,0.96817903,0.19875605,0.30988752,0.15478082,0.00197569,0.26034807,0.84013730,0.30020633,0.16953036,0.18962467,1.39553056,0.00299726,0.19695513,0.14113279,0.45543232,0.00015254,0.11857092,0.00089980,0.01336706,0.07049219
Biotite,1.93679049,0.60241895,0.03143194,0.96577034,0.21039846,0.31103981,0.18212666,0.00436419,0.27584075,0.88683423,0.80633147,0.69899923,0.17701531,1.35124918,0.00242234,0.18810361,0.13920720,0.44755428,0.00136529,0.12345371,0.00195321,0.01442880,0.08151157
Biotite,1.93117880,0.58826606,0.01926424,0.97950596,0.21498107,0.30461501,0.16840824,0.00117123,0.28046753,0.92072785,0.24935865,0.00205761,0.18226700,1.37832279,0.00212540,0.18998827,0.13784018,0.45250621,0.00000109,0.12691330,0.00052999,0.01388980,0.07620577
Biotite,1.91727037,0.61842257,0.01903229,0.97753734,0.20200022,0.32255366,0.17369605,0.00107316,0.26715613,0.82825329,0.21184510,1.30645161,0.17568510,1.37876755,0.00225528,0.19799157,0.14360040,0.44519849,0.00062418,0.11893750,0.00047777,0.01358559,0.07732922
Biotite,1.92955709,0.61987070,0.05816189,0.92665519,0.17866754,0.32125025,0.15541286,0.00291495,0.23606453,0.73483065,0.18484627,1.54950495,0.17281658,1.44578205,0.00708031,0.20853472,0.14423663,0.44898525,0.00202794,0.10598949,0.00130877,0.01205881,0.06977808
Biotite,1.93213978,0.61820187,0.05612255,0.93376870,0.19179856,0.31995711,0.16529943,0.00413540,0.25316588,0.79124940,0.29920213,1.04592593,0.17499351,1.41550981,0.00616330,0.20196018,0.14267664,0.44592426,0.00192876,0.11289281,0.00184407,0.01289895,0.07371103
Biotite,1.91731500,0.61793873,0.02247246,0.97319767,0.19888551,0.32229379,0.16659544,0.00413826,0.26298508,0.81597933,1.33299595,0.50189825,0.16545012,1.40040948,0.00138587,0.20148349,0.14387470,0.44640853,0.00092718,0.11739878,0.00184735,0.01230446,0.07436963
Biotite,1.93074713,0.60839604,0.03637535,0.95991439,0.20871341,0.31510913,0.18144378,0.00337840,0.27448091,0.87106619,0.41792198,0.25693161,0.17791812,1.35493460,0.00360466,0.19038284,0.14051072,0.44591131,0.00038706,0.12239414,0.00150647,0.01439497,0.08090783
Biotite,1.90773305,0.61280725,0.04696028,0.94118841,0.18271517,0.32122275,0.17043813,0.00280864,0.24140744,0.75152661,0.22878959,1.36711990,0.18134968,1.37714131,0.00551667,0.19879339,0.14435221,0.44938351,0.00172552,0.10848452,0.00126216,0.01388995,0.07659209
Biotite,1.87997282,0.59613835,0.02751614,0.96761810,0.19795484,0.31709945,0.15146644,0.00151277,0.26072622,0.82222222,0.20974007,0.69373219,0.18697359,1.40231057,0.00326058,0.20102172,0.14335036,0.45206750,0.00047443,0.11786585,0.00068387,0.01280265,0.06847305
Biotite,1.93870904,0.61889158,0.04098895,0.94978963,0.18762150,0.31922871,0.16364725,0.00296481,0.24751568,0.77535531,0.29296389,0.69819341,0.17502888,1.42607580,0.00453929,0.20419729,0.14318824,0.44854438,0.00092849,0.11102176,0.00132985,0.01284765,0.07340305
Biotite,1.92100443,0.60287089,0.01826682,0.97862211,0.19974211,0.31383108,0.17196576,0.00246249,0.26242740,0.83620590,0.75300648,0.00122850,0.17973437,1.37304801,0.00147588,0.19447167,0.14163502,0.45130972,0.00000137,0.11843604,0.00111135,0.01394915,0.07760982
Biotite,1.94211210,0.62051769,0.04793987,0.94387223,0.19520931,0.31950663,0.16675661,0.00474990,0.25757998,0.80618040,0.44949495,0.36641698,0.18207034,1.42019302,0.00470695,0.20211865,0.14231774,0.44542968,0.00077525,0.11473377,0.00211575,0.01352388,0.07427834
Biotite,1.89585435,0.60123279,0.01690245,0.97930224,0.19255376,0.31713026,0.14244919,0.00083096,0.25361838,0.79972936,0.18346253,2.24647887,0.17923262,1.44667241,0.00205436,0.20808966,0.14384021,0.45356823,0.00084669,0.11503324,0.00037690,0.01158030,0.06461043
Biotite,1.86025164,0.65035115,0.20782099,0.76543021,0.17566807,0.34960386,0.13881683,0.00748294,0.23708230,0.67814555,0.11481822,3.10921844,0.17640704,1.46318273,0.02764520,0.21698659,0.14829767,0.42418775,0.00986920,0.10056741,0.00317417,0.01038762,0.05888440
Biotite,1.88007065,0.59831783,0.02795119,0.96553199,0.18902241,0.31824221,0.14335616,0.00135514,0.24917731,0.78298009,0.17972350,1.49773756,0.18720504,1.42960822,0.00342188,0.20647236,0.14442583,0.45382362,0.00092110,0.11308255,0.00061499,0.01217926,0.06505841
Biotite,1.91095577,0.63258909,0.02688971,0.96605582,0.19032913,0.33103283,0.17384297,0.00068387,0.25333432,0.76528459,0.08322087,1.05945946,0.17810666,1.38580250,0.00364002,0.20320577,0.14663401,0.44295911,0.00032094,0.11221674,0.00030293,0.01371516,0.07700533
Biotite,1.90116913,0.62380602,0.04413549,0.94482179,0.18670787,0.32811706,0.16992642,0.00360535,0.24796990,0.75573608,0.33148832,0.76530612,0.17251220,1.38328560,0.00484153,0.20204321,0.14606037,0.44514715,0.00122825,0.11038310,0.00160491,0.01304921,0.07564226
Biotite,1.90011462,0.59802703,0.03128196,0.96466804,0.20445978,0.31473208,0.16885701,0.00258346,0.26880983,0.85409099,0.35575086,0.38023631,0.18366173,1.36360430,0.00326615,0.19302340,0.14155382,0.44975975,0.00044181,0.12089984,0.00116193,0.01394821,0.07594509
Biotite,1.90565621,0.58322403,0.01967258,0.97871472,0.21196767,0.30604892,0.17713851,0.00278943,0.27684015,0.90456176,0.86324042,0.00807265,0.18510456,1.32686471,0.00146550,0.18417031,0.13880113,0.45352594,0.00001021,0.12555419,0.00126508,0.01487073,0.08033691
Biotite,1.89431128,0.60878637,0.03288485,0.95933778,0.18869633,0.32137610,0.14677805,0.00114605,0.24933882,0.77584743,0.12163065,1.73809524,0.18207299,1.43759389,0.00424663,0.20822573,0.14484322,0.45069692,0.00089776,0.11237624,0.00051652,0.01204457,0.06615242
Biotite,1.86325434,0.58568644,0.03195095,0.96231658,0.19513642,0.31433521,0.15164573,0.00250974,0.25647466,0.81592725,0.33314171,0.13977567,0.19591604,1.38082116,0.00342965,0.19759659,0.14310078,0.45524897,0.00015970,0.11675983,0.00114256,0.01352537,0.06903656
Biotite,1.89901954,0.59968822,0.01775797,0.97899432,0.19863093,0.31578833,0.15193349,0.00069935,0.26135626,0.82763113,0.14247905,2.02167183,0.18691216,1.41789510,0.00221874,0.20239765,0.14274515,0.45202794,0.00063910,0.11814033,0.00031612,0.01283679,0.06867818
Biotite,1.89144240,0.60419822,0.01132707,0.98661800,0.20218212,0.31943781,0.15897296,0.00089832,0.26676673,0.83511320,0.33026756,1.42531646,0.18852107,1.39377759,0.00122231,0.20007685,0.14355006,0.44938343,0.00057539,0.11988055,0.00040369,0.01346791,0.07143981
Biotite,1.88540716,0.60444341,0.02412554,0.97038860,0.19193140,0.32059039,0.14822374,0.00104825,0.25346276,0.79061247,0.15677826,2.38266385,0.18894188,1.42306097,0.00301623,0.20580711,0.14462283,0.45111406,0.00112671,0.11434061,0.00047288,0.01263375,0.06686582
Biotite,1.94777898,0.62465634,0.03802140,0.95053953,0.17743394,0.32070186,0.14286521,0.00089470,0.23433734,0.73070152,0.07918509,0.00000000,0.17608074,1.50230228,0.00509635,0.21731231,0.14465285,0.45105086,0.00000000,0.10569806,0.00040356,0.01134655,0.06443948
Biotite,1.85786320,0.57940960,0.02795207,0.96797828,0.20087064,0.31186882,0.14725692,0.00250688,0.26351593,0.84495759,0.40365112,0.04355109,0.19672926,1.38568736,0.00283250,0.19709684,0.14223759,0.45608149,0.00004979,0.12018474,0.00114334,0.01321256,0.06716116
Biotite,1.67680470,0.52662844,0.03477196,0.95468179,0.17507314,0.31406665,0.15043389,0.00944661,0.23005778,0.73251259,6.40834575,0.00000000,0.22381564,1.19781757,0.00069687,0.17784092,0.14847079,0.47273656,0.00000000,0.10875672,0.00446576,0.01591678,0.07111560
Biotite,1.91167008,0.59761812,0.02353758,0.97330160,0.20436062,0.31261572,0.15361053,0.00141724,0.26824697,0.85807254,0.23855329,0.53064516,0.18537202,1.42029833,0.00268208,0.20044891,0.14113155,0.45145378,0.00033952,0.12110111,0.00063982,0.01285519,0.06934806
Biotite,1.88261829,0.58239558,0.02679903,0.97087539,0.21106738,0.30935404,0.16352277,0.00212966,0.27636193,0.89335159,0.34568373,0.00000000,0.18581358,1.35402404,0.00279172,0.18981119,0.14018303,0.45314756,0.00000000,0.12523273,0.00096505,0.01376878,0.07409994
Biotite,1.93275846,0.62185784,0.05301579,0.93444362,0.18395380,0.32174628,0.16185961,0.00260709,0.24314025,0.75568939,0.18041447,1.28040541,0.17900999,1.42969249,0.00646235,0.20571318,0.14388631,0.44720427,0.00149283,0.10873336,0.00116590,0.01295751,0.07238431
Biotite,1.96840531,0.61896027,0.08094760,0.92063397,0.22462663,0.31444757,0.20225828,0.00731820,0.29525993,0.93897985,0.40352741,1.27540811,0.18016919,1.32518751,0.00788539,0.18118298,0.13672252,0.43480228,0.00405831,0.12837969,0.00318197,0.01584450,0.08794236
Chlorite,1.51493187,1.39151118,0.03016970,0.08258201,0.00130021,0.91853054,0.19444316,0.00045776,0.00249450,0.00271575,0.01679600,20.93037975,0.00004470,1.30324249,0.00813593,0.35735105,0.27420150,0.29852192,0.00286016,0.00074466,0.00013665,0.00000259,0.05804555
Chlorite,1.50264334,1.36755272,0.01381719,0.15184295,0.00117861,0.91009801,0.20179685,0.00000000,0.00225126,0.00247365,0.00000000,65535.00000000,0.00000000,1.28091244,0.00381338,0.35351643,0.27598797,0.30325083,0.00155363,0.00068270,0.00000000,0.00000000,0.06119506
Chlorite,1.47483506,1.22635273,0.03890954,0.05035148,0.00093663,0.83151856,0.18204628,0.00390710,0.00171545,0.00206303,0.13734704,2.13827513,0.00000000,1.25590274,0.00917555,0.33684097,0.26820625,0.32254993,0.00269473,0.00055332,0.00126023,0.00000000,0.05871902
Chlorite,1.52603911,1.36754080,0.00933641,0.22957970,0.00131489,0.89613745,0.25127675,0.00398312,0.00249322,0.00278218,0.90864440,0.45189189,0.00181650,1.24563933,0.00133777,0.34065732,0.27347990,0.30517629,0.00054930,0.00076087,0.00121555,0.00013930,0.07668371
Chlorite,1.51082548,1.30076391,0.01920700,0.12975592,0.00132493,0.86096238,0.21028885,0.00277939,0.00246564,0.00286382,0.20203272,2.63435583,0.00000000,1.26657688,0.00431521,0.34205076,0.27005922,0.31367133,0.00229667,0.00077340,0.00087181,0.00000000,0.06596159
Chlorite,1.56306847,1.21400229,0.16729109,0.10559533,0.00863408,0.77667889,0.16178681,0.03368605,0.01533999,0.01975075,0.35000156,1.12430841,0.01672241,1.35476255,0.03029890,0.33124666,0.24450533,0.31480877,0.01192291,0.00482916,0.01060466,0.00085170,0.05093191
Chlorite,1.52044272,1.33271484,0.10030241,0.02084194,0.00099726,0.87653078,0.19853682,0.01502942,0.00187139,0.00213500,0.20619681,1.73192240,0.00000000,1.29393976,0.02192099,0.34109951,0.26361313,0.30074601,0.00782836,0.00056281,0.00452004,0.00000000,0.05970916
Chlorite,1.51825987,1.38668898,0.01001859,0.18360071,0.00107552,0.91334099,0.24298986,0.00168323,0.00205784,0.00225309,0.22541806,1.78338279,0.00088388,1.25221481,0.00225291,0.34506402,0.27556296,0.30170874,0.00090568,0.00062087,0.00050785,0.00006480,0.07331217
Chlorite,1.49910771,1.35305395,0.00749368,0.27390972,0.00134108,0.90257287,0.23702516,0.00675647,0.00255149,0.00282691,948.00000000,0.19092827,0.00237544,1.23649716,0.00000218,0.34162805,0.27628697,0.30611043,0.00039488,0.00078104,0.00206823,0.00017235,0.07255587
Chlorite,1.47895664,1.37162471,0.04672189,0.04114296,0.00096464,0.92742726,0.21005231,0.00125450,0.00185927,0.00200476,0.02981451,10.54071661,0.00000000,1.25246740,0.01253227,0.34596702,0.27622837,0.29784370,0.00393847,0.00055377,0.00037364,0.00000000,0.06256276
Chlorite,1.52882523,1.25699609,0.01458688,0.20260223,0.00167229,0.82219737,0.28565138,0.01198630,0.00304725,0.00370622,1715.00000000,0.00000000,0.00313181,1.18140088,0.00000226,0.31383016,0.26564239,0.32308835,0.00000000,0.00098453,0.00387263,0.00028904,0.09229064
Chlorite,1.48936521,1.39737017,0.04226240,0.05534715,0.00119862,0.93823204,0.18999448,0.00003867,0.00232320,0.00247615,0.00097629,362.78571430,0.00000000,1.28686256,0.01167979,0.35598919,0.27663342,0.29484542,0.00413680,0.00068499,0.00001140,0.00000000,0.05601900
Chlorite,1.48837776,1.34869617,0.00658826,0.40833333,0.00216148,0.90615179,0.23899814,0.00466666,0.00412011,0.00454683,3.58064516,1.09684685,0.00167114,1.22462709,0.00039851,0.33930988,0.27707200,0.30576775,0.00156511,0.00125980,0.00142691,0.00012212,0.07307792
Chlorite,1.52253403,1.36804249,0.01788870,0.15858454,0.00159568,0.89852999,0.23019779,0.00459602,0.00302944,0.00337155,0.40043627,1.27782101,0.01179286,1.26634026,0.00348409,0.34540190,0.27275600,0.30355803,0.00178276,0.00091961,0.00139516,0.00082407,0.06987839
Chlorite,1.52097721,1.29777184,0.01863989,0.17401110,0.00180796,0.85324871,0.21646234,0.01068983,0.00335059,0.00392687,2.04996797,0.02062500,0.00731504,1.26728526,0.00164392,0.34088348,0.26898718,0.31525061,0.00006951,0.00105628,0.00336998,0.00049918,0.06823988
Chlorite,1.52214612,1.40839715,0.01158676,0.19444444,0.00134412,0.92527066,0.21442529,0.00081482,0.00258780,0.00279680,0.08225438,3.18981482,0.00830372,1.29040281,0.00295584,0.35626529,0.27608843,0.29838667,0.00077554,0.00077217,0.00024313,0.00053129,0.06398165
Chlorite,1.48258740,1.37432168,0.07796222,0.22149656,0.01067045,0.92697515,0.19227611,0.00539394,0.02056169,0.02218149,0.08065696,5.67389113,0.00668807,1.27516424,0.01951978,0.34502023,0.27056925,0.29188403,0.00893301,0.00600163,0.00157441,0.00037535,0.05612233
Chlorite,1.51710188,1.37421473,0.01143278,0.24470670,0.00176052,0.90581572,0.24328955,0.00280316,0.00335523,0.00370409,0.37114052,0.61120543,0.00817684,1.24851574,0.00229051,0.34297022,0.27470236,0.30326517,0.00051959,0.00101752,0.00085010,0.00060330,0.07378125
Chlorite,1.52053233,1.20787070,0.02810339,0.48757343,0.01183802,0.79437357,0.26842665,0.02230491,0.02124183,0.02674035,1133.00000000,0.15622242,0.02552255,1.18262249,0.00000644,0.30739500,0.25992657,0.32720948,0.00114017,0.00695053,0.00729838,0.00224169,0.08783174
Chlorite,1.93751002,0.57434061,0.82820695,0.04377603,0.00866945,0.29643233,0.16896364,0.24510336,0.01123935,0.03791540,606.76470590,0.00000000,0.00855851,1.36751941,0.00018974,0.19041029,0.13923772,0.46971166,0.00000000,0.00527925,0.11512791,0.00067924,0.07936419
Chlorite,1.53548217,1.26734798,0.02941241,0.52541770,0.01472390,0.82537460,0.28396858,0.02425807,0.02687664,0.03256296,1334.00000000,0.00000000,0.01748207,1.19143405,0.00000577,0.31229896,0.26212022,0.31757728,0.00000000,0.00853541,0.00770381,0.00157657,0.09018197
Chlorite,1.56379747,1.41580037,0.03661495,0.03942153,0.00071401,0.90536044,0.19491312,0.00052865,0.00136044,0.00150265,0.01620580,3.69930070,0.00923678,1.34850960,0.00971031,0.36342128,0.26949847,0.29766981,0.00058213,0.00040496,0.00015736,0.00053592,0.05801975
Chlorite,1.52458362,1.37834016,0.11160252,0.02285606,0.00123948,0.90407646,0.21547689,0.00774332,0.00236006,0.00261046,0.08312395,2.43828715,0.01552387,1.28624439,0.02733470,0.34122583,0.26528849,0.29343590,0.00554020,0.00069253,0.00227217,0.00098155,0.06322865
Chlorite,1.56499137,1.43251390,0.07323885,0.01600128,0.00056917,0.91534940,0.21044914,0.00243105,0.00109016,0.00119097,0.03762761,3.39013453,0.01194022,1.33508009,0.01885406,0.35662533,0.26711905,0.29182196,0.00240507,0.00031813,0.00070943,0.00073329,0.06141368
Chlorite,1.51763770,1.39323558,0.07022644,0.01188323,0.00040423,0.91802910,0.21125906,0.00188775,0.00077532,0.00084455,0.03016429,6.60714286,0.00529227,1.28751530,0.01846027,0.34865530,0.27079701,0.29497650,0.00367913,0.00022870,0.00055684,0.00032980,0.06231646
Chlorite,1.49750660,1.16532557,0.03424025,0.17025058,0.00307455,0.77817725,0.26799064,0.02300976,0.00546710,0.00702552,6.32967033,0.17187500,0.00755963,1.15312408,0.00121922,0.30095796,0.26099356,0.33539089,0.00132641,0.00183362,0.00771726,0.00067947,0.08988162
Chlorite,1.23397596,0.95113687,0.11631148,0.03110337,0.00162526,0.77079044,0.14919434,0.02238833,0.00287799,0.00373381,0.33284536,0.44742103,0.00759008,1.04041577,0.02380496,0.28381253,0.27278761,0.35390632,0.00354508,0.00101854,0.00792337,0.00040076,0.05280082
Chlorite,1.52536983,1.34183697,0.10526525,0.18007939,0.01081977,0.87967977,0.17866376,0.00834061,0.02033770,0.02311944,0.09898767,4.05130890,0.00773981,1.32226892,0.02500547,0.34519343,0.26106144,0.29676872,0.01002793,0.00603559,0.00247523,0.00041038,0.05302181
Enstatite,134.50082240,0.66617653,1.78700658,0.38685102,0.00555677,0.00495296,0.17796831,0.00306301,0.00558429,1.12746711,0.52920479,0.00797872,0.00254045,98.56907895,0.00343287,0.28955887,0.00293762,0.59310528,0.00001449,0.00331207,0.00181669,0.00026816,0.10555395
Enstatite,46207.90000000,0.87114040,173.60000000,0.39533264,0.00213973,0.00001885,0.03964519,0.00327093,0.00213977,113.50000000,1735.00000000,0.94985591,0.01569262,44105.00000000,0.00000100,0.44221391,0.00001003,0.53182978,0.00165235,0.00113800,0.00173958,0.00033087,0.02108449
Enstatite,534.92094020,0.84394289,2.94658120,0.40315949,0.00313528,0.00157770,0.03886258,0.00464713,0.00314022,1.99038462,2757.00000000,0.14653609,0.02012491,510.28846150,0.00000091,0.43405875,0.00085061,0.53914962,0.00036715,0.00169305,0.00250550,0.00042167,0.02095274
Enstatite,56.51581284,0.87074999,0.57037174,0.15990193,0.00164727,0.01540719,0.06856158,0.00067248,0.00167265,0.10856297,0.08286517,15.86440678,0.00669133,52.06584058,0.00425390,0.42049039,0.00807613,0.52417909,0.00559220,0.00087677,0.00035250,0.00024048,0.03593855
Enstatite,253.03956830,0.86149042,1.46447842,0.34202020,0.00258290,0.00340457,0.03516319,0.00498439,0.00259170,0.76124101,3256.00000000,0.35104423,0.01976491,242.71133090,0.00000082,0.44072729,0.00181585,0.53335685,0.00093324,0.00138230,0.00265846,0.00037068,0.01875453
Enstatite,561.18181820,0.82508115,3.40850059,0.43280943,0.00381844,0.00147026,0.04220000,0.00500963,0.00382406,2.60094451,2886.00000000,0.00034650,0.01579532,532.47933880,0.00000095,0.42639305,0.00080077,0.54464596,0.00000095,0.00208276,0.00272848,0.00036304,0.02298406
Enstatite,134.01523390,0.78302886,1.00253899,0.48528864,0.00549074,0.00584284,0.04747171,0.00585555,0.00552283,0.94523032,2763.00000000,0.00000000,0.01642857,125.89046060,0.00000118,0.40840869,0.00324416,0.55523719,0.00000000,0.00306648,0.00325122,0.00043303,0.02635806
Enstatite,86.29867459,0.80129644,0.59803474,0.58433926,0.00773442,0.00928515,0.04420421,0.00555072,0.00780623,0.84072212,2616.00000000,0.36964832,0.04003264,81.53793419,0.00000116,0.41421815,0.00508007,0.54711716,0.00112258,0.00427093,0.00303690,0.00096819,0.02418488
Enstatite,40.75887632,0.85755331,0.70776434,0.37095795,0.00860063,0.02103967,0.03860283,0.00455394,0.00878158,0.41738197,0.44054000,2.72960793,0.01717172,38.92411237,0.00539700,0.42757022,0.01098471,0.52209532,0.00648990,0.00458482,0.00237759,0.00034609,0.02015436
Enstatite,30.21176743,0.86583847,0.87030401,0.25705546,0.00838940,0.02865898,0.04287418,0.00520771,0.00862983,0.30112126,0.26389122,3.89631043,0.01545356,28.71575540,0.01012524,0.42224458,0.01470428,0.51307765,0.01041079,0.00442777,0.00267196,0.00033994,0.02199778
Enstatite,47.14367916,0.64138397,0.13565824,0.78944520,0.00682699,0.01360488,0.00607060,0.00184324,0.00691987,0.50863121,777.00000000,4.05920206,0.12270418,46.69747167,0.00000142,0.37997636,0.00813698,0.59809281,0.00447498,0.00413872,0.00110243,0.00044551,0.00363078
Enstatite,86.93389644,0.79527313,0.61145795,0.63582677,0.00967765,0.00914802,0.04576026,0.00559027,0.00976618,1.06757253,1664.00000000,0.79987981,0.04148007,81.93169299,0.00000184,0.41043321,0.00500946,0.54759995,0.00244862,0.00534796,0.00306123,0.00103942,0.02505832
Enstatite,26.03234436,0.79753390,0.46400778,0.45464939,0.01149891,0.03063627,0.03709085,0.00733870,0.01185119,0.38683528,1.06717226,1.51370558,0.04104453,24.82166018,0.00368359,0.40733631,0.01641052,0.53565656,0.00595041,0.00634817,0.00393102,0.00081547,0.01986796
Enstatite,30.65168370,0.77069474,1.39206254,0.29047583,0.01397800,0.02514364,0.02290596,0.00344345,0.01432945,0.56990379,0.10911486,3.57409440,0.08415842,29.74067949,0.01697213,0.40216578,0.01352241,0.53780665,0.00661891,0.00770648,0.00185191,0.00103675,0.01231898
Enstatite,806.85502960,0.85722324,4.24556213,0.45187166,0.00371454,0.00106243,0.03662539,0.00450902,0.00371849,3.50000000,2869.00000000,0.16939700,0.02051150,772.38165680,0.00000084,0.43928520,0.00056874,0.53532337,0.00040889,0.00199059,0.00241378,0.00040216,0.01960642
Enstatite,107.58147050,0.84846747,0.17990843,0.63397260,0.00243834,0.00788674,0.02283396,0.00141677,0.00245757,0.31160786,667.00000000,0.69565217,0.03237209,104.68623750,0.00000114,0.44342281,0.00423573,0.53706978,0.00052932,0.00131989,0.00076090,0.00039699,0.01226343
Enstatite,11.50000000,0.64483048,2.26703482,0.10991474,0.01486403,0.05607222,0.02070956,0.10057731,0.01569749,0.27995133,3.78959858,0.24118138,0.05701977,11.13066267,0.01419911,0.33390519,0.02999868,0.53500080,0.01297771,0.00839817,0.05380894,0.00063176,0.01107963
Enstatite,24.34648464,0.77785144,0.73843003,0.44625307,0.01842389,0.03194923,0.05577703,0.00707899,0.01901252,0.59508532,0.42868463,2.16327788,0.05763216,22.60068259,0.00882622,0.38594332,0.01707662,0.53449245,0.00818512,0.01016205,0.00378367,0.00171815,0.02981240
Enstatite,134.91870480,0.79570323,1.44540131,0.42116154,0.00616602,0.00589765,0.04808525,0.00852244,0.00620239,1.05167069,4195.00000000,0.14350417,0.03350374,126.76541510,0.00000112,0.41096839,0.00324196,0.54970372,0.00067229,0.00340947,0.00468482,0.00088559,0.02643264
Enstatite,45.86875429,0.83371695,1.45872190,0.31123986,0.01176735,0.01817614,0.03246440,0.01293759,0.01198123,0.65917346,0.95295045,0.68997380,0.02352295,44.08265436,0.00714515,0.42169444,0.00956600,0.52629404,0.00469801,0.00630565,0.00680898,0.00040191,0.01708582
Enstatite,32.90457686,0.83578636,1.24706390,0.33613754,0.01564131,0.02540031,0.04328800,0.00737662,0.01603861,0.63143351,0.30357465,1.60779066,0.08842159,31.20034542,0.01262565,0.41177543,0.01319778,0.51959153,0.00616239,0.00833352,0.00383283,0.00198879,0.02249208
Enstatite,579.65054950,0.85284074,3.52967033,0.32393180,0.00248462,0.00147130,0.03657559,0.00519159,0.00248828,1.69120879,3211.00000000,0.30177515,0.01825656,554.79120880,0.00000087,0.43785694,0.00078923,0.53641508,0.00084040,0.00133475,0.00278485,0.00035819,0.01961970
Enstatite,770.37333330,0.82092887,4.68000000,0.42635342,0.00370265,0.00106563,0.04367996,0.00498535,0.00370660,3.47833333,2807.00000000,0.00035625,0.02581931,729.38333330,0.00000097,0.42430471,0.00058173,0.54590583,0.00000097,0.00202345,0.00272153,0.00061567,0.02384514
Enstatite,42.00617165,0.81849681,0.39209258,0.61699322,0.01207218,0.01948516,0.03935363,0.00726419,0.01230740,0.63162970,19.33000000,1.31867563,0.03294500,39.98649952,0.00020109,0.41692054,0.01042653,0.53510132,0.00512579,0.00658571,0.00388708,0.00069376,0.02105818
Enstatite,476.76176180,0.82698418,3.00900901,0.43581081,0.00402476,0.00173459,0.04011772,0.00521765,0.00403174,2.32432432,3005.00000000,0.00033278,0.02159706,453.63363360,0.00000094,0.42791504,0.00094331,0.54382168,0.00000094,0.00219255,0.00283747,0.00047118,0.02181689
Enstatite,90.88857755,0.89118546,1.28448986,0.46557400,0.01086558,0.00980525,0.03326222,0.00714667,0.01097212,1.11900445,1.31177692,1.60719132,0.05305865,87.49629141,0.00281147,0.44272860,0.00505997,0.51604687,0.00592735,0.00566213,0.00368802,0.00091075,0.01716487
Enstatite,830.39512200,0.68493774,0.57804878,0.74867444,0.00141915,0.00082483,0.00668316,0.00047478,0.00142032,1.72195122,236.00000000,6.03813559,0.09452137,822.29268290,0.00000119,0.40105921,0.00048773,0.59131074,0.00169517,0.00083985,0.00028074,0.00037353,0.00395183
Enstatite,65535.00000000,0.86799600,65535.00000000,0.67593397,0.00333381,0.00000000,0.03895729,0.00159692,0.00333381,65535.00000000,1118.00000000,0.38014311,0.01528929,65535.00000000,0.00000076,0.44235904,0.00000000,0.53358068,0.00032391,0.00177886,0.00085208,0.00031782,0.02078686
Enstatite,36003.31250000,0.82034292,1637.50000000,0.07583774,0.00306169,0.00002279,0.03069310,0.03628259,0.00306176,134.37500000,35.28808864,0.06260303,0.03261727,34656.25000000,0.00055160,0.42362943,0.00001222,0.53647759,0.00121856,0.00164257,0.01946480,0.00053708,0.01646616
Enstatite,51.36148016,0.94437085,0.11119037,0.50100040,0.00201557,0.01838675,0.03711616,0.00204279,0.00205263,0.11163620,1246.00000000,1.78330658,0.02663545,49.34284440,0.00000083,0.46018821,0.00932634,0.50723155,0.00184781,0.00104116,0.00103617,0.00050145,0.01882649
Enstatite,65535.00000000,0.89884905,65535.00000000,0.39148846,0.00276379,0.00000000,0.03333134,0.00429441,0.00276379,65535.00000000,2873.00000000,0.71980508,0.02031481,65535.00000000,0.00000078,0.45322728,0.00000000,0.52364877,0.00161867,0.00144725,0.00224876,0.00035457,0.01745392
Enstatite,289.04313280,0.85441978,0.74233825,0.65678300,0.00418680,0.00295603,0.03896187,0.00097640,0.00419917,1.42054484,0.80165289,1.32302406,0.01631933,275.86265610,0.00065283,0.43707951,0.00158441,0.53599272,0.00069239,0.00225073,0.00052334,0.00034080,0.02088328
Enstatite,538.51760940,0.87823688,2.03415155,0.42119648,0.00241013,0.00163084,0.04527195,0.00331564,0.00241406,1.48025614,1905.00000000,0.46089239,0.01756949,510.75773750,0.00000092,0.44120711,0.00086383,0.52968270,0.00080944,0.00127869,0.00175624,0.00042131,0.02397977
Enstatite,521.78667950,0.85930406,3.01640927,0.36548223,0.00285662,0.00164685,0.03516405,0.00496598,0.00286132,1.73745174,3124.00000000,0.35211268,0.01496316,500.43436290,0.00000085,0.44046819,0.00088017,0.53445796,0.00093455,0.00152926,0.00265411,0.00028121,0.01879371
Enstatite,146.86972890,0.78951992,1.17695783,0.31999130,0.00296133,0.00537565,0.04587516,0.00632489,0.00297725,0.55384036,3125.00000000,0.05120000,0.01641225,138.33584340,0.00000112,0.41192846,0.00297774,0.55393177,0.00017938,0.00164919,0.00350356,0.00041706,0.02541171
Enstatite,151.76648450,0.80289668,1.13770492,0.44450374,0.00479089,0.00529034,0.04521171,0.00601692,0.00481624,0.91038251,3122.00000000,0.00224215,0.01726416,143.22040070,0.00000106,0.41635248,0.00290708,0.54950606,0.00000741,0.00264655,0.00330634,0.00042891,0.02484411
Enstatite,346.33883060,0.72041415,3.84257871,0.45606961,0.00668789,0.00208009,0.07384145,0.00798977,0.00670180,3.22188906,2562.00000000,0.00000000,0.01854042,310.83958020,0.00000179,0.37190172,0.00119644,0.57518933,0.00000000,0.00385481,0.00459563,0.00078746,0.04247282
Enstatite,578.95238100,0.83918427,1.83261183,0.51966717,0.00286972,0.00144949,0.05405564,0.00265426,0.00287388,1.98268398,1269.00000000,0.00000000,0.01973379,541.65945170,0.00000113,0.42503009,0.00078468,0.54135090,0.00000000,0.00155578,0.00143688,0.00057747,0.02926307
Enstatite,261.55753740,0.81694132,1.68929804,0.40179299,0.00353286,0.00312337,0.04589271,0.00527451,0.00354389,1.13463751,2935.00000000,0.00511073,0.02251635,246.86421170,0.00000098,0.42135066,0.00170681,0.54646446,0.00001473,0.00193661,0.00288233,0.00056468,0.02507874
Enstatite,78.46549470,0.89148262,0.27662357,0.47140478,0.00277133,0.01136146,0.03941435,0.00314120,0.00280281,0.24669476,1903.00000000,0.28428797,0.02357819,74.99636786,0.00000086,0.44596613,0.00594650,0.52339249,0.00046739,0.00146697,0.00164408,0.00048640,0.02062917
Enstatite,262.50656810,0.85033111,0.20771757,0.47510373,0.00060706,0.00323928,0.04636313,0.00067020,0.00060903,0.18801314,252.00000000,0.66269841,0.01193139,248.19376030,0.00000143,0.43320751,0.00174544,0.53883677,0.00023932,0.00032817,0.00036113,0.00029807,0.02498216
Enstatite,39.40643603,0.85113202,0.81373479,0.35915206,0.00964175,0.02159881,0.03823721,0.00411069,0.00985000,0.45604348,0.30528647,2.94061650,0.01413255,37.63609697,0.00703948,0.42497974,0.01129181,0.52279795,0.00631956,0.00514956,0.00214906,0.00028251,0.01999034
Enstatite,38.61388528,0.83305166,0.85316503,0.35666293,0.00998875,0.02157389,0.03513416,0.00630557,0.01020425,0.47299053,0.52109879,1.88250238,0.01521714,36.98533507,0.00638334,0.42092232,0.01138079,0.52752611,0.00626186,0.00538301,0.00332635,0.00028204,0.01853419
Enstatite,6165.70238100,0.84652185,21.42857143,0.48630137,0.00278475,0.00013730,0.03685561,0.00294041,0.00278513,20.28571429,1799.00000000,0.44357977,0.02421393,5897.26190500,0.00000088,0.43657589,0.00007403,0.53920476,0.00070329,0.00150176,0.00158548,0.00048120,0.01987272
Enstatite,285.94577900,0.82668214,1.81537406,0.36888571,0.00305880,0.00289105,0.03834157,0.00524634,0.00306764,1.06108442,2644.00000000,0.21936460,0.02390933,272.68359640,0.00000108,0.42845604,0.00157126,0.54349104,0.00062548,0.00166724,0.00285134,0.00049823,0.02083830
Hornblendee,5.18637987,0.49230692,2.27715145,0.03456915,0.00706883,0.09492304,0.04152392,0.16494207,0.00773982,0.08153789,3.22076610,0.00000000,0.26728852,4.74893153,0.02810417,0.24738084,0.05209189,0.54878032,0.00000000,0.00424746,0.09051696,0.00609084,0.02278751
Hornblendee,4.97456837,0.49455128,2.22089845,0.03230913,0.00670519,0.09941592,0.04399486,0.16608096,0.00737180,0.07415105,3.03556560,0.00000000,0.27617322,4.53203502,0.02982731,0.24563097,0.05419882,0.54517249,0.00000000,0.00401890,0.09054277,0.00662396,0.02398479
Hornblendee,5.04670892,0.47912886,2.61553724,0.05216664,0.01248177,0.09493887,0.05194141,0.20232969,0.01366677,0.14395335,4.39976593,0.00455064,0.30064392,4.49960519,0.02482284,0.23058965,0.05124664,0.53978564,0.00049700,0.00737713,0.10921466,0.00842922,0.02803723
Hornblendee,5.43344161,0.53187929,2.14912170,0.02033467,0.00397740,0.09788994,0.03833912,0.15778344,0.00436675,0.04460879,3.00002935,0.01179808,0.20045897,5.04178624,0.02836691,0.26619423,0.05279760,0.53935677,0.00100404,0.00235524,0.08510157,0.00414518,0.02067847
Hornblendee,4.90303123,0.54120367,1.94715237,0.02264381,0.00448457,0.11038144,0.03709640,0.15109810,0.00497958,0.04511247,2.36714393,0.01129131,0.22480266,4.56695662,0.03392509,0.26792275,0.05866549,0.53147963,0.00090676,0.00264655,0.08030556,0.00443221,0.01971598
Hornblendee,5.21362407,0.50164291,2.21389282,0.03122770,0.00626373,0.09621770,0.04137087,0.16731257,0.00686641,0.07136330,3.66085776,0.00000000,0.19572464,4.78365255,0.02503128,0.25208783,0.05269777,0.54769312,0.00000000,0.00376069,0.09163594,0.00443484,0.02265854
Hornblendee,5.33446533,0.45839152,3.59761472,0.05111910,0.01533663,0.08593017,0.08510683,0.27715477,0.01665451,0.19381443,8.66409644,0.00000000,0.27945138,4.34404690,0.01689045,0.19709810,0.04537200,0.52801013,0.00000000,0.00879375,0.14634052,0.01255778,0.04493727
Hornblendee,5.11532808,0.48932278,2.26204724,0.03621751,0.00742144,0.09565814,0.04189709,0.17198380,0.00813136,0.08500437,3.87355802,0.00000000,0.21984739,4.67734033,0.02441265,0.24601314,0.05259680,0.54984134,0.00000000,0.00447096,0.09456380,0.00506457,0.02303675
Hornblendee,5.48969127,0.46697850,2.46407306,0.03731943,0.00748858,0.08506462,0.04508913,0.18178049,0.00812560,0.09552264,6.53300512,0.00000000,0.18257046,4.95963384,0.01564952,0.23728229,0.04784270,0.56242777,0.00000000,0.00457006,0.10223840,0.00462987,0.02535938
Hornblendee,4.54102980,0.51021519,2.00523001,0.03175380,0.00664246,0.11235671,0.04267950,0.16615767,0.00738879,0.06576185,2.80940386,0.00445806,0.22276628,4.16117270,0.03170360,0.25062084,0.06022842,0.53604643,0.00039707,0.00396073,0.08906822,0.00509649,0.02287819
Hornblendee,6.07063998,0.51789539,2.41361872,0.02362704,0.00459109,0.08531150,0.03876069,0.15542255,0.00498276,0.05840664,3.07847385,0.00496530,0.28359788,5.61629688,0.02765097,0.26241544,0.04672393,0.54768614,0.00042266,0.00272899,0.08512278,0.00602041,0.02122869
Hornblendee,5.36936467,0.48157470,2.27705251,0.03679069,0.00715861,0.08968933,0.04333640,0.17116862,0.00780066,0.08697418,5.17772064,0.00000000,0.18912861,4.88618122,0.01845320,0.24462250,0.05006415,0.55819515,0.00000000,0.00435429,0.09554550,0.00457505,0.02419017
Hornblendee,5.34652613,0.46957107,2.52132194,0.03401924,0.00716893,0.08782732,0.04869993,0.18147820,0.00779855,0.08879417,4.54118407,0.00000000,0.18732250,4.79202973,0.02225394,0.23436930,0.04890815,0.55686714,0.00000000,0.00434276,0.10105925,0.00508007,0.02711939
Hornblendee,5.45707013,0.48629839,2.45291798,0.02826087,0.00583699,0.08911346,0.04354803,0.17640475,0.00635715,0.07133766,4.18186627,0.00000000,0.20353529,4.96838943,0.02331571,0.24471884,0.04925517,0.55272421,0.00000000,0.00351375,0.09750317,0.00489910,0.02407005
Hornblendee,5.35250139,0.45483311,2.89664437,0.03095201,0.00724626,0.08497580,0.05694255,0.21855565,0.00786202,0.09252066,7.92183143,0.00000000,0.21372848,4.68239829,0.01527644,0.22031765,0.04705231,0.55371419,0.00000000,0.00435331,0.12101737,0.00673884,0.03152990
Hornblendee,4.79792411,0.49738759,2.13677046,0.03286971,0.00682138,0.10366725,0.04271225,0.17058969,0.00752853,0.07262209,3.34992553,0.00000000,0.23032130,4.38591118,0.02767677,0.24711503,0.05634292,0.54349775,0.00000000,0.00409174,0.09271511,0.00534668,0.02321401
Hornblendee,4.74646907,0.44736676,2.69296392,0.04914139,0.01198775,0.09425254,0.06299616,0.22395909,0.01311762,0.13917526,7.50040677,0.00000000,0.29664906,4.07809278,0.01634133,0.21035545,0.05158182,0.54727248,0.00000000,0.00717891,0.12256665,0.01022729,0.03447607
Hornblendee,4.87317581,0.48670779,2.18265719,0.03689255,0.00759211,0.09987487,0.04218893,0.17144519,0.00835037,0.08360832,3.68323805,0.00000000,0.22303451,4.45075791,0.02554273,0.24392815,0.05480598,0.54874646,0.00000000,0.00458224,0.09407994,0.00516348,0.02315103
Hornblendee,4.25544695,0.55481000,1.92213182,0.06090761,0.01437879,0.13037644,0.03753671,0.15533149,0.01625345,0.12466554,1.63044819,0.09328200,0.34570887,3.96753672,0.04812774,0.26131421,0.06586308,0.50517629,0.00731982,0.00821086,0.07846979,0.00655556,0.01896266
Hornblendee,4.97899794,0.51385427,2.15741808,0.02631174,0.00545389,0.10320436,0.04346901,0.16914573,0.00601675,0.05829939,3.16105807,0.00226778,0.25035644,4.55780436,0.02881492,0.25330431,0.05557595,0.53850393,0.00020656,0.00324004,0.09108564,0.00586040,0.02340823
Hornblendee,6.01132753,0.50686597,2.46225653,0.02259658,0.00442658,0.08431847,0.04035571,0.16044804,0.00479982,0.05692487,3.40179718,0.00077359,0.30358951,5.53271699,0.02597266,0.25689263,0.04643155,0.55066878,0.00006835,0.00264311,0.08835373,0.00674656,0.02222263
Hornblendee,6.83437148,0.49168361,3.39209506,0.02551922,0.00596181,0.07194277,0.05083056,0.21013228,0.00639071,0.08883052,6.19778120,0.00000000,0.15613936,6.12782989,0.01860846,0.24196233,0.03948581,0.54885029,0.00000000,0.00350755,0.11533116,0.00435603,0.02789837
Hornblendee,6.66508045,0.48541471,3.89813284,0.03230586,0.00883439,0.07282954,0.07675634,0.25269913,0.00947780,0.13013671,8.09931281,0.00000000,0.17877095,5.61116264,0.01672618,0.21907947,0.03904351,0.53609442,0.00000000,0.00508099,0.13547059,0.00735618,0.04114865
Hornblendee,4.63021474,0.44615683,2.87760894,0.07788393,0.02136132,0.09635770,0.06813166,0.24138916,0.02341965,0.24304910,6.72569117,0.00320828,0.40778630,3.92314454,0.01917467,0.20196117,0.05147941,0.53425324,0.00041375,0.01251203,0.12896294,0.01484324,0.03639956
Hornblendee,5.27845304,0.51978057,2.14378453,0.02441597,0.00480966,0.09847214,0.04105122,0.15686630,0.00528328,0.05365255,2.89225111,0.00370906,0.28578265,4.86157152,0.02936554,0.25919959,0.05331601,0.54143241,0.00031502,0.00286054,0.08493250,0.00635194,0.02222646
Hornblendee,5.61852444,0.51929369,2.32563305,0.02189389,0.00440430,0.09242528,0.04064473,0.16433925,0.00481137,0.05205687,3.24729597,0.00081378,0.21743123,5.17876672,0.02749766,0.26007187,0.05021888,0.54334573,0.00007266,0.00261424,0.08929303,0.00480178,0.02208414
Hornblendee,4.39237672,0.46550971,2.23058196,0.03760609,0.00835228,0.10598128,0.05103863,0.19405262,0.00923746,0.08716126,4.58240683,0.00000000,0.24862551,3.91079520,0.02314291,0.22650947,0.05791903,0.54650247,0.00000000,0.00504830,0.10605024,0.00693485,0.02789274
Hornblendee,5.07914602,0.47618980,2.32996569,0.03728616,0.00773517,0.09375391,0.04636226,0.18227147,0.00846037,0.09024018,5.03903162,0.00000000,0.21794773,4.58463591,0.02001820,0.23787435,0.05188511,0.55341813,0.00000000,0.00468212,0.10087234,0.00559204,0.02565771
Hornblendee,5.34113476,0.54706193,1.94699834,0.01918574,0.00353844,0.10242429,0.04010095,0.15068555,0.00390086,0.03808529,3.09197712,0.01433857,0.17535225,4.94961679,0.02617314,0.27226699,0.05500769,0.53705710,0.00116037,0.00209498,0.08092675,0.00377647,0.02153650
Hornblendee,18.73480663,0.46076121,7.61690244,0.01737979,0.00323379,0.02459386,0.04487099,0.17338589,0.00331333,0.13472163,12.43521097,0.00081812,0.01690460,16.91032724,0.00831484,0.24801167,0.01466628,0.59633926,0.00008459,0.00197587,0.10339682,0.00045234,0.02675833
Hornblendee,5.63056271,0.48839973,2.59323281,0.02923081,0.00623252,0.08674084,0.05130598,0.17962675,0.00677314,0.07808477,3.96418199,0.00000000,0.18020364,5.03907687,0.02495043,0.24067735,0.04776219,0.55063095,0.00000000,0.00372950,0.09890805,0.00509087,0.02825066
Hornblendee,5.04127280,0.45475812,2.53588309,0.04887379,0.01078198,0.09020701,0.04933149,0.19015652,0.01175459,0.13030680,4.92660239,0.00000000,0.32985861,4.49440299,0.02142249,0.22501868,0.05006642,0.55501702,0.00000000,0.00652400,0.10554010,0.00903147,0.02737982
Hornblendee,4.72228412,0.51983761,1.95039982,0.03075985,0.00613814,0.11008182,0.04293078,0.16721780,0.00681384,0.06189798,3.52143067,0.00488348,0.24460276,4.33229441,0.02549223,0.25602239,0.05909626,0.53683942,0.00043839,0.00365794,0.08976911,0.00563734,0.02304693
Hornblendee,5.00378788,0.51619538,2.09365457,0.02697263,0.00542725,0.10316092,0.04226884,0.16443771,0.00598713,0.05803676,3.19013898,0.00121581,0.25272323,4.59405098,0.02782927,0.25587098,0.05569616,0.53989587,0.00010794,0.00323243,0.08877924,0.00576734,0.02282077
Hornblendee,4.55732340,0.46286027,2.34755382,0.04459535,0.01010295,0.10156406,0.05228461,0.20113750,0.01112905,0.10957660,5.39393003,0.00000000,0.26603212,4.04252904,0.02040035,0.22461729,0.05556356,0.54707891,0.00000000,0.00608847,0.11003808,0.00760953,0.02860381
Hornblendee,5.20119931,0.56827586,2.20626336,0.06969204,0.01627934,0.10925862,0.04051724,0.15968652,0.01805799,0.16527752,1.96255201,0.09321751,0.38943907,4.83036137,0.04135940,0.26826404,0.05553705,0.50830821,0.00756646,0.00917903,0.08116997,0.00802059,0.02059525
Hornblendee,4.67427825,0.47765556,2.31149810,0.03506435,0.00778764,0.10218809,0.05256914,0.19260882,0.00858344,0.08399646,4.41775916,0.00008158,0.24200419,4.15984316,0.02372886,0.23135563,0.05561643,0.54425550,0.00000855,0.00467158,0.10482841,0.00692399,0.02861104
Hornblendee,4.62711532,0.47531016,2.25191492,0.03310975,0.00718342,0.10272278,0.04939982,0.18464776,0.00792132,0.07711354,3.95601380,0.00000000,0.23665593,4.14621112,0.02551997,0.23286922,0.05616434,0.54675643,0.00000000,0.00433103,0.10095735,0.00639200,0.02700967
Kaolinite,0.02101297,0.02370539,0.01462539,0.44036810,0.00610073,1.12813139,0.00318882,0.00332447,0.01298316,0.01150855,0.25233388,1.55658324,0.53204765,0.01818634,0.00602091,0.00937605,0.51555442,0.45699856,0.00236488,0.00593329,0.00151928,0.00077534,0.00145728
Kaolinite,0.03836613,0.04025638,0.04450641,0.23188339,0.00687944,1.04926850,0.00382333,0.00166643,0.01409781,0.01343585,0.03700495,13.87959866,0.23688047,0.03472233,0.02071083,0.01675578,0.48256497,0.45990608,0.01063737,0.00648367,0.00076640,0.00041652,0.00175837
Kaolinite,0.03131738,0.03278713,0.05350388,0.08970233,0.00269662,1.04693069,0.00336139,0.00026238,0.00551980,0.00527237,0.00470609,178.71698110,0.04712813,0.02810668,0.02547751,0.01344684,0.47842149,0.45697532,0.02142807,0.00252241,0.00011990,0.00007239,0.00153607
Kaolinite,0.02354382,0.02488658,0.02510162,0.22249159,0.00369111,1.05703229,0.00465172,0.00006138,0.00759274,0.00718307,0.00231878,241.69565220,0.00631096,0.01914308,0.01242279,0.00949588,0.49604735,0.46928306,0.00696222,0.00356315,0.00002881,0.00001378,0.00218297
Kaolinite,0.02897711,0.03219305,0.02558827,0.33446671,0.00676779,1.11098201,0.00333594,0.00262541,0.01428667,0.01285950,0.10174922,4.32765957,0.50837241,0.02597442,0.01173412,0.01312315,0.50523351,0.45476300,0.00516695,0.00649705,0.00119394,0.00077123,0.00151706
Kaolinite,0.01220059,0.01371587,0.00142104,0.82144430,0.00345985,1.12419730,0.00538352,0.00101840,0.00734941,0.00653747,1.75850340,0.27466151,0.09476766,0.00741182,0.00026966,0.00387975,0.52345461,0.46562522,0.00013024,0.00342207,0.00047419,0.00023756,0.00250671
Kaolinite,0.02642866,0.02943898,0.03381056,0.50560905,0.01822045,1.11390361,0.00329212,0.00547229,0.03851628,0.03457775,0.17000261,3.69166923,0.44966786,0.02347318,0.01436256,0.01166644,0.49701152,0.44618899,0.00901385,0.01718554,0.00244167,0.00066052,0.00146891
Kaolinite,0.02118315,0.02333827,0.00905253,0.55258234,0.00586076,1.10173734,0.00413790,0.00367281,0.01231777,0.01118031,0.58291956,1.19818285,0.18598790,0.01742735,0.00292711,0.00891988,0.51183197,0.46456805,0.00204442,0.00572244,0.00170627,0.00035753,0.00192234
Kaolinite,0.04798975,0.04922739,0.04958390,0.22433397,0.00726148,1.02578972,0.00597558,0.00441235,0.01471023,0.01434039,0.09499070,5.09714286,0.31766124,0.04216440,0.02145532,0.01997794,0.47381057,0.46189834,0.01038826,0.00679463,0.00203806,0.00087678,0.00276011
Kaolinite,0.03933770,0.03951079,0.04995525,0.25243198,0.00845273,1.00440008,0.00374243,0.00154712,0.01694266,0.01686844,0.03181553,24.29969419,0.43615676,0.03561166,0.02261496,0.01663447,0.46710732,0.46506102,0.01748380,0.00787937,0.00071951,0.00075911,0.00174046
Kaolinite,0.02943600,0.03191562,0.02436021,0.39312807,0.00820909,1.08423761,0.00357342,0.00316801,0.01710970,0.01578040,0.13629243,3.35402299,0.98573370,0.02614021,0.01069279,0.01303795,0.49876991,0.46001901,0.00488797,0.00787079,0.00145735,0.00162039,0.00164384
Kaolinite,0.01938089,0.02214027,0.01186446,0.53394356,0.00724800,1.14237652,0.00169698,0.00441437,0.01552795,0.01359267,0.48300971,1.32663317,1.46949891,0.01789540,0.00415056,0.00928418,0.51880259,0.45414325,0.00265958,0.00705191,0.00200476,0.00113250,0.00077067
Kaolinite,0.01654613,0.01828537,0.00279031,0.69548413,0.00334550,1.10511463,0.00565226,0.00204132,0.00704266,0.00637279,1.95849802,0.07366297,0.19424198,0.01143150,0.00048824,0.00591778,0.51767276,0.46843354,0.00007044,0.00329902,0.00095622,0.00051430,0.00264771
Kaolinite,0.02234689,0.02524187,0.04182066,0.37297975,0.01319507,1.12954741,0.00287754,0.00386489,0.02809953,0.02487680,0.08910702,7.88855551,0.28957974,0.01979937,0.01917953,0.00988938,0.49947953,0.44219439,0.01348179,0.01242545,0.00170903,0.00036847,0.00127243
Kaolinite,0.02887501,0.03215661,0.02818711,0.34131294,0.00769555,1.11364860,0.00300841,0.00406849,0.01626568,0.01460576,0.14890876,2.61272265,0.46730902,0.02617361,0.01238816,0.01321616,0.50494221,0.45341252,0.00481970,0.00737507,0.00184471,0.00063743,0.00136405
Kaolinite,0.01849008,0.02126368,0.00912508,0.56296084,0.00628716,1.15000460,0.00325807,0.00317990,0.01351743,0.01175424,0.43476894,1.20679682,0.32180663,0.01565699,0.00332429,0.00818375,0.52269003,0.45451125,0.00174418,0.00614382,0.00144530,0.00047654,0.00148083
Kaolinite,0.01697537,0.01927455,0.00477891,0.72927546,0.00684495,1.13544188,0.00526264,0.00406555,0.01461700,0.01287340,2.98798077,0.33467418,0.23555003,0.01234049,0.00062490,0.00643527,0.52147645,0.45927181,0.00062490,0.00671317,0.00186719,0.00056932,0.00241698
Kaolinite,0.01106002,0.01252604,0.00796313,0.40240060,0.00284768,1.13255140,0.00305679,0.00073363,0.00607282,0.00536207,0.08854878,6.41049383,0.17185185,0.00836099,0.00382610,0.00437299,0.52302248,0.46180905,0.00217185,0.00280448,0.00033880,0.00024260,0.00141165
Kaolinite,0.02160747,0.02376512,0.01116845,0.50845287,0.00605097,1.09985704,0.00340752,0.00262872,0.01270617,0.01155256,0.27226519,2.01623377,0.25109581,0.01850932,0.00448075,0.00944770,0.51042951,0.46408714,0.00245971,0.00589677,0.00121995,0.00039708,0.00158138
Kaolinite,0.02234993,0.02326404,0.00690774,0.66849918,0.00710460,1.04089988,0.00579117,0.00237688,0.01449978,0.01393004,0.49380677,2.44481605,0.27796843,0.01678631,0.00229945,0.00834715,0.49725908,0.47772037,0.00277605,0.00692684,0.00113549,0.00076902,0.00276656
Kaolinite,0.02500266,0.02631211,0.02279498,0.36687352,0.00677296,1.05237229,0.00249965,0.00206018,0.01390063,0.01320885,0.09394945,9.55298913,0.47928332,0.02262741,0.01025923,0.01114058,0.49234879,0.46784660,0.00920764,0.00650336,0.00096385,0.00056050,0.00116945
Kaolinite,0.01892133,0.02101790,0.01505980,0.46760467,0.00696071,1.11080440,0.00385810,0.00284451,0.01469269,0.01322707,0.20487729,3.62168309,0.34320850,0.01544809,0.00638382,0.00789004,0.51074531,0.45979770,0.00473680,0.00675567,0.00130790,0.00060883,0.00177395
Kaolinite,0.02621569,0.02822545,0.04268737,0.30644084,0.00977859,1.07666253,0.00282033,0.00261224,0.02030683,0.01886090,0.06026250,10.64830508,1.18838305,0.02359618,0.01968270,0.01153560,0.48887602,0.45406616,0.01263026,0.00922064,0.00118613,0.00152186,0.00128062
Kaolinite,0.01231693,0.01301049,0.01277706,0.50660888,0.00673931,1.05630964,0.00252504,0.00170707,0.01385810,0.01311935,0.14479638,9.60416667,0.60563380,0.00992649,0.00557527,0.00495860,0.49953189,0.47290290,0.00775324,0.00655354,0.00080728,0.00072319,0.00119410
Kaolinite,0.01353091,0.01542389,0.00601130,0.66734116,0.00642378,1.13990080,0.00335737,0.00374917,0.01374625,0.01205916,1.20819342,0.10839355,0.70701428,0.01058559,0.00142430,0.00553840,0.52320148,0.45898861,0.00018653,0.00630937,0.00172083,0.00108951,0.00154099
Kaolinite,0.02094404,0.02308211,0.00963226,0.49883202,0.00502648,1.10208488,0.00221757,0.00273936,0.01056609,0.00958736,0.34780126,1.78981938,0.55273834,0.01893188,0.00365914,0.00969327,0.51200766,0.46458097,0.00227782,0.00490880,0.00127265,0.00056946,0.00103024
Kaolinite,0.02698270,0.03107375,0.02103388,0.47484026,0.01017932,1.15161766,0.00406424,0.00756916,0.02190200,0.01901847,0.45449975,1.25420354,1.24268644,0.02345354,0.00742361,0.01203976,0.51334495,0.44575988,0.00423172,0.00976303,0.00337403,0.00225134,0.00181167
Kaolinite,0.02300238,0.02603910,0.01727994,0.49878088,0.00913034,1.13201788,0.00417976,0.00467171,0.01946604,0.01719588,0.31375859,2.08109147,0.75687285,0.01931007,0.00673742,0.00989124,0.51223224,0.45249483,0.00439927,0.00880828,0.00211392,0.00143149,0.00189132
Kaolinite,0.01293477,0.01483642,0.00564327,0.66074265,0.00587177,1.14701927,0.00225805,0.00386255,0.01260679,0.01099092,1.47968070,0.60372732,0.39345638,0.01096614,0.00119515,0.00575892,0.52515451,0.45784280,0.00106766,0.00577193,0.00176844,0.00040677,0.00103383
Kaolinite,0.00795327,0.00889747,0.00264598,0.67048711,0.00284283,1.11871872,0.00467039,0.00292292,0.00602317,0.00538399,78.61538462,0.00000000,0.64849969,0.00377851,0.00001738,0.00197562,0.52285660,0.46737092,0.00000000,0.00281505,0.00136609,0.00141555,0.00218280
Kaolinite,0.01313243,0.01436442,0.00129759,0.79197080,0.00258065,1.09381225,0.00478710,0.00107694,0.00540339,0.00493996,3.14545455,0.00000000,0.07997399,0.00875591,0.00016185,0.00452746,0.51707547,0.47272781,0.00000000,0.00255433,0.00050910,0.00018098,0.00226300
Kaolinite,0.01925115,0.02053456,0.00408792,0.50455532,0.00214869,1.06666667,0.00510500,0.00142803,0.00444063,0.00416309,0.48697917,0.24064171,0.08900524,0.01446521,0.00139852,0.00735862,0.50871161,0.47691714,0.00016389,0.00211781,0.00068105,0.00021670,0.00243466
Kaolinite,0.04527404,0.04714625,0.05225831,0.34185508,0.01384700,1.04135289,0.00225261,0.00733915,0.02826661,0.02714413,0.15588607,8.53015302,1.73900293,0.04311089,0.02103949,0.02006235,0.46536618,0.44688614,0.02797688,0.01263196,0.00327976,0.00175059,0.00100666
Kaolinite,0.03277672,0.03466908,0.01890453,0.33386945,0.00487047,1.05773486,0.00601489,0.00264333,0.01002213,0.00947509,0.15233017,4.42161339,0.23879599,0.02709015,0.00812562,0.01341774,0.49529946,0.46826429,0.00547297,0.00469301,0.00123778,0.00067258,0.00281656
Kaolinite,0.03727176,0.04009885,0.02262340,0.37928248,0.00716444,1.07585071,0.00591217,0.00482859,0.01487232,0.01382377,0.24748295,4.95800525,0.23687031,0.03177642,0.00894785,0.01567835,0.49339591,0.45861002,0.01097921,0.00682059,0.00221444,0.00064225,0.00271138
Kaolinite,0.01127318,0.01234808,0.00270378,0.75887369,0.00444829,1.09535059,0.00335615,0.00295916,0.00932073,0.00850936,1215.00000000,0.00000000,0.49419449,0.00820919,0.00000115,0.00423820,0.51627552,0.47133359,0.00000000,0.00439318,0.00139475,0.00078175,0.00158186
Kaolinite,0.03468327,0.03666199,0.01643071,0.38682720,0.00532649,1.05705115,0.00266800,0.00448144,0.01095687,0.01036551,0.34775841,2.21396598,1.65714286,0.03215926,0.00603200,0.01591195,0.49478585,0.46808127,0.00464419,0.00512871,0.00209768,0.00206951,0.00124884
Kaolinite,0.01476463,0.01613845,0.00206720,0.80791367,0.00454058,1.09304786,0.00426945,0.00150637,0.00950366,0.00869464,2.00000000,5.25561798,0.30426165,0.01085863,0.00035358,0.00557187,0.51312815,0.46944710,0.00371656,0.00446147,0.00070716,0.00060983,0.00200428
Kaolinite,0.02623954,0.02817101,0.01165944,0.60745957,0.00934178,1.07360892,0.00610497,0.00647925,0.01937121,0.01804307,1.07300276,1.87804878,0.84059946,0.02055315,0.00280731,0.01025865,0.49912803,0.46490675,0.00565715,0.00900580,0.00301225,0.00238582,0.00283824
Kaolinite,0.05986294,0.06760414,0.03052495,0.65211843,0.03034766,1.12931536,0.00538709,0.03161436,0.06461974,0.05722028,11.06194690,2.36160000,4.25821596,0.05509272,0.00119399,0.02599296,0.47180398,0.41777876,0.03119156,0.02699676,0.01320781,0.00958358,0.00225061
Labradorite,0.01138264,0.00879914,0.45666069,0.05776794,0.01220685,0.77303163,0.00503978,0.28150123,0.02164312,0.02799772,3.93642314,0.01638953,1.29779259,0.00486315,0.03299067,0.00173431,0.35662341,0.46133094,0.00212843,0.00998464,0.12986523,0.00301737,0.00232501
Labradorite,0.00916344,0.00700395,0.41347084,0.04725302,0.00888383,0.76433682,0.00225676,0.21139903,0.01567407,0.02050675,2.02040598,0.05507268,0.03262411,0.00621087,0.04947695,0.00224479,0.36142928,0.47286650,0.00550526,0.00741174,0.09996352,0.00003481,0.00106715
Labradorite,0.00889595,0.00679601,0.41592839,0.04475804,0.00844021,0.76394443,0.00229645,0.20601186,0.01488806,0.01948840,1.84376523,0.05795635,0.00677507,0.00588990,0.05282123,0.00212712,0.36114670,0.47273950,0.00564437,0.00703817,0.09738994,0.00000736,0.00108563
Labradorite,0.01168451,0.00903027,0.42143549,0.05055110,0.00978162,0.77284127,0.00261765,0.24521927,0.01734125,0.02243831,3.04682766,0.01681108,1.58749168,0.00829747,0.03772910,0.00300611,0.36229311,0.46878074,0.00193250,0.00812925,0.11495407,0.00194801,0.00122710
Labradorite,0.01591023,0.01214457,0.41970949,0.05630557,0.01084036,0.76331824,0.00308484,0.22316375,0.01911500,0.02504198,2.29573051,0.04338680,0.88181328,0.01186888,0.04569444,0.00425869,0.35881139,0.47006788,0.00455137,0.00898535,0.10490211,0.00127870,0.00145008
Labradorite,0.00862454,0.00661587,0.40024932,0.03321867,0.00597001,0.76709814,0.00256587,0.20742679,0.01054959,0.01375259,2.08252047,0.02605296,0.01192606,0.00527964,0.04750434,0.00193158,0.36585473,0.47693341,0.00257739,0.00503145,0.09892876,0.00001459,0.00122375
Labradorite,0.01949950,0.01499042,0.41920239,0.06252787,0.01215236,0.76875910,0.00206944,0.21211006,0.02149460,0.02796012,1.92554968,0.06048276,0.86666667,0.01680758,0.05142334,0.00603183,0.35887564,0.46682458,0.00598889,0.01003421,0.09901819,0.00083726,0.00096607
Labradorite,0.01436672,0.01093973,0.42287178,0.04256789,0.00812753,0.76146379,0.00243866,0.19241305,0.01431634,0.01880108,1.48480044,0.07441968,0.02564103,0.01116412,0.06103730,0.00400408,0.35865603,0.47100865,0.00674452,0.00674312,0.09062821,0.00002945,0.00114863
Labradorite,0.01335729,0.01022853,0.42500110,0.04955065,0.00960888,0.76576395,0.00238934,0.22193698,0.01696701,0.02215697,2.14403813,0.04090875,0.80056180,0.01023708,0.04861155,0.00368140,0.35961456,0.46961542,0.00426372,0.00796797,0.10422503,0.00089829,0.00112207
Labradorite,0.01024134,0.00789488,0.41844468,0.04660454,0.00890414,0.77088314,0.00269274,0.23540832,0.01576819,0.02045470,2.70076304,0.01870800,0.93991989,0.00674828,0.04103647,0.00244916,0.36293025,0.47079802,0.00207340,0.00742363,0.11082977,0.00119157,0.00126774
Labradorite,0.00804453,0.00613932,0.40980413,0.04364160,0.00809436,0.76316735,0.00172189,0.22072470,0.01427171,0.01870063,2.39854429,0.02578640,0.04838710,0.00578829,0.04377733,0.00210144,0.36304954,0.47571419,0.00270762,0.00678926,0.10500187,0.00003964,0.00081913
Labradorite,0.01970375,0.01555350,0.64449062,0.05016255,0.01501504,0.78936743,0.01102372,0.45175808,0.02686743,0.03403666,7.92810747,0.00194582,1.56314384,0.00573849,0.02415878,0.00192051,0.33467073,0.42397332,0.00037269,0.01139107,0.19153337,0.00730577,0.00467376
Labradorite,0.02001366,0.01533241,0.42425624,0.06359763,0.01249902,0.76609726,0.00207141,0.21265005,0.02207448,0.02881421,1.89238417,0.06858446,0.50891531,0.01730982,0.05240806,0.00618470,0.35729409,0.46638216,0.00680195,0.01029515,0.09917619,0.00049165,0.00096607
Labradorite,0.01293916,0.00981679,0.41757626,0.04761651,0.00900650,0.75868834,0.00210644,0.19651286,0.01583963,0.02087765,1.63355896,0.06733223,0.04691877,0.01016274,0.05689203,0.00364644,0.35880518,0.47292829,0.00625762,0.00749101,0.09293649,0.00004674,0.00099620
Labradorite,0.01127772,0.00888057,0.48377732,0.06749643,0.01542635,0.78744410,0.00646134,0.32979953,0.02757373,0.03501675,6.44793713,0.01243906,1.78382582,0.00307226,0.02303475,0.00108951,0.35462879,0.45035423,0.00184753,0.01241795,0.14852661,0.00519074,0.00290989
Labradorite,0.01118916,0.00874613,0.48370827,0.06597675,0.01499029,0.78166118,0.00577351,0.31980457,0.02670762,0.03416778,5.48630705,0.01260021,1.85421031,0.00380295,0.02637685,0.00134511,0.35370152,0.45249978,0.00182340,0.01208519,0.14471150,0.00484415,0.00261251
Labradorite,0.01214248,0.00976958,0.52707755,0.06284036,0.01575768,0.80457826,0.00777640,0.38259898,0.02843596,0.03534269,9.22455221,0.00357566,2.01553398,0.00247729,0.01816023,0.00087271,0.35228252,0.43784743,0.00059899,0.01245061,0.16751998,0.00686265,0.00340488
Labradorite,0.02098785,0.01603326,0.43012427,0.05566296,0.01098008,0.76393046,0.00153893,0.20068027,0.01936810,0.02535323,1.56898202,0.07776271,0.31827112,0.01897336,0.05965674,0.00676038,0.35630884,0.46641528,0.00727862,0.00903358,0.09360035,0.00022845,0.00071778
Labradorite,0.01449743,0.01105168,0.42335587,0.04762010,0.00915668,0.76232001,0.00251570,0.19398870,0.01613701,0.02116829,1.50677917,0.08547926,0.00655152,0.01119737,0.06047611,0.00400969,0.35809176,0.46973942,0.00778922,0.00758019,0.09112414,0.00000774,0.00118172
Labradorite,0.01133367,0.00872821,0.43781709,0.05110804,0.01025932,0.77011279,0.00282245,0.24039634,0.01816015,0.02358116,2.48414684,0.02646370,1.00930851,0.00766869,0.04514934,0.00275535,0.35929827,0.46655279,0.00296811,0.00847267,0.11215758,0.00132908,0.00131682
Labradorite,0.00981279,0.00745889,0.41514439,0.03805684,0.00709288,0.76011987,0.00275668,0.20680620,0.01248431,0.01642413,1.90160860,0.04116531,0.05406944,0.00618614,0.05168183,0.00223459,0.36122480,0.47522083,0.00404567,0.00593280,0.09827861,0.00007083,0.00131003
Labradorite,0.01091459,0.00846662,0.50024331,0.05519159,0.01276555,0.77571563,0.00463619,0.30406272,0.02266799,0.02922204,3.62049095,0.01083877,1.43110647,0.00493793,0.03809089,0.00173729,0.35182602,0.45355025,0.00149475,0.01028107,0.13790772,0.00300926,0.00210275
Labradorite,0.01045909,0.00793112,0.42043221,0.04421067,0.00838704,0.75829964,0.00268882,0.20406666,0.01474694,0.01944737,1.77840618,0.07117060,0.04790782,0.00691324,0.05426815,0.00247928,0.35862844,0.47293765,0.00686873,0.00697438,0.09651081,0.00006092,0.00127165
Labradorite,0.00986466,0.00745837,0.42437490,0.02935303,0.00552537,0.75606902,0.00250113,0.19144786,0.00970293,0.01283339,1.47940314,0.05735893,0.00000000,0.00655660,0.06147490,0.00235491,0.35916603,0.47504398,0.00521657,0.00460932,0.09094615,0.00000000,0.00118814
Labradorite,0.00911299,0.00705427,0.44358238,0.04950630,0.01008094,0.77408878,0.00303520,0.25793462,0.01788448,0.02310391,3.01898537,0.02131075,0.83917397,0.00519200,0.03973019,0.00186895,0.35996704,0.46502035,0.00255612,0.00831665,0.11994485,0.00118443,0.00141143
Labradorite,0.01463462,0.01115485,0.41837881,0.05609659,0.01075474,0.76222343,0.00268005,0.21947219,0.01895225,0.02486443,2.20739372,0.04250056,1.12056304,0.01111852,0.04682042,0.00399085,0.35893669,0.47090745,0.00439248,0.00892476,0.10335109,0.00141421,0.00126206
Labradorite,0.01305974,0.00987379,0.41988458,0.04961804,0.00943810,0.75604790,0.00233190,0.20183901,0.01657375,0.02192156,1.74580322,0.06886309,0.08593209,0.00997542,0.05468837,0.00356751,0.35763044,0.47302617,0.00657471,0.00783982,0.09547514,0.00009479,0.00110305
Labradorite,0.00981423,0.00762793,0.46785265,0.05003325,0.01077620,0.77723124,0.00358026,0.27039131,0.01915180,0.02464106,2.90000000,0.01635442,1.07313739,0.00520781,0.04285040,0.00186022,0.35719909,0.45957892,0.00203230,0.00880176,0.12426615,0.00176575,0.00164541
Labradorite,0.01336578,0.01018045,0.41049192,0.04598249,0.00855434,0.76168010,0.00293802,0.20273582,0.01507000,0.01978521,1.84426515,0.05072157,0.09489051,0.00950849,0.05209459,0.00343218,0.36095915,0.47389863,0.00487314,0.00714165,0.09607623,0.00013212,0.00139233
Labradorite,0.05607393,0.04843945,1.15367356,0.03412496,0.01889128,0.86384962,0.03051885,0.89513760,0.03521051,0.04076000,8.82231656,0.00056709,0.92842742,0.02074504,0.03412878,0.00602790,0.29057061,0.33636712,0.00017075,0.01184366,0.30109485,0.00953081,0.01026554
Labradorite,0.01594548,0.01220226,0.42076309,0.05764786,0.01115846,0.76524876,0.00191239,0.21782082,0.01969746,0.02573995,2.09106082,0.05127555,0.48428207,0.01344643,0.04887672,0.00482813,0.35906405,0.46921219,0.00524058,0.00924229,0.10220418,0.00043456,0.00089732
Labradorite,0.00750511,0.00573392,0.41784364,0.03505999,0.00657538,0.76400279,0.00227265,0.21064776,0.01159899,0.01518187,1.93991744,0.04235952,0.00730460,0.00453044,0.05147451,0.00164079,0.36217092,0.47404397,0.00422987,0.00549843,0.09985630,0.00000787,0.00107734
Labradorite,0.01811212,0.01374903,0.43251965,0.03869471,0.00751288,0.75910649,0.00243867,0.19527496,0.01321596,0.01740989,1.46764237,0.05894150,0.03197026,0.01489956,0.06258433,0.00532005,0.35706062,0.47036961,0.00541386,0.00621639,0.09185141,0.00003667,0.00114708
Labradorite,0.01491233,0.01145035,0.42593863,0.05272605,0.01029736,0.76784477,0.00275022,0.22896743,0.01820414,0.02370810,2.33432245,0.01854895,1.26637869,0.01133058,0.04600106,0.00408019,0.36010437,0.46898070,0.00199181,0.00853739,0.10738130,0.00163338,0.00128980
Labradorite,0.02075289,0.01633596,0.47312527,0.05902677,0.01307221,0.78716535,0.01042782,0.30790026,0.02336221,0.02967890,4.77160870,0.00827721,0.89227284,0.00750559,0.02918288,0.00267198,0.35599908,0.45225451,0.00115260,0.01056566,0.13924928,0.00420799,0.00471603
Labradorite,0.01145749,0.00873268,0.41722026,0.05057650,0.00961307,0.76218125,0.00224383,0.22657453,0.01693996,0.02222564,2.47831180,0.02705118,0.82326622,0.00851353,0.04324994,0.00306972,0.36056924,0.47307545,0.00289953,0.00801388,0.10718685,0.00087390,0.00106150
Labradorite,0.00954217,0.00742123,0.43637770,0.05617563,0.01136272,0.77773019,0.00318140,0.25691853,0.02019986,0.02597283,3.11546356,0.02874266,1.39102564,0.00545154,0.03823967,0.00196603,0.36063707,0.46370461,0.00342424,0.00936677,0.11913431,0.00205208,0.00147523
Labradorite,0.01467257,0.01126698,0.41594239,0.05796549,0.01111683,0.76789391,0.00217520,0.22059974,0.01965337,0.02559387,2.23279329,0.04582218,0.41819516,0.01183989,0.04640166,0.00426998,0.36064362,0.46965293,0.00474742,0.00923026,0.10360531,0.00042722,0.00102159
Labradorite,0.01439539,0.01102786,0.41618114,0.05942053,0.01140469,0.76606887,0.00232674,0.22464994,0.02014147,0.02629199,2.38549063,0.03901879,0.60734072,0.01135814,0.04429108,0.00409226,0.36029270,0.47031372,0.00412257,0.00947281,0.10565595,0.00066461,0.00109430
Labradorite,0.02015035,0.01528074,0.44009225,0.05747814,0.01157484,0.75833656,0.00245851,0.20594616,0.02035246,0.02683830,1.61157460,0.08704989,1.08207934,0.01690837,0.05948524,0.00596856,0.35299450,0.46548527,0.00834503,0.00947377,0.09586490,0.00123833,0.00114440
Labradorite,0.01607638,0.01215736,0.42986453,0.04218311,0.00815189,0.75622492,0.00240268,0.19547640,0.01431656,0.01893162,1.50833038,0.08185664,0.05672403,0.01289918,0.06101852,0.00459279,0.35605311,0.47082964,0.00753377,0.00674066,0.09203609,0.00006417,0.00113125
Labradorite,0.01141602,0.00869903,0.41953611,0.05955848,0.01149029,0.76200222,0.00252737,0.21776932,0.02024592,0.02656936,2.13670823,0.05745301,0.71123666,0.00809927,0.04796275,0.00290439,0.35859879,0.47060071,0.00588792,0.00952774,0.10248239,0.00084593,0.00118938
Labradorite,0.00862217,0.00663016,0.40894050,0.05399906,0.01014712,0.76896691,0.00228199,0.22264273,0.01794992,0.02334290,2.42480049,0.03935624,0.46436133,0.00565457,0.04335521,0.00205313,0.36309177,0.47218127,0.00413743,0.00847561,0.10512772,0.00050036,0.00107751
Labradorite,0.01131898,0.00873496,0.43827694,0.05216462,0.01050637,0.77170866,0.00314878,0.25100605,0.01861423,0.02412080,2.87797945,0.03293063,1.06541490,0.00723871,0.04058637,0.00259955,0.35911791,0.46535426,0.00384652,0.00866221,0.11680673,0.00156115,0.00146530
Labradorite,0.01220454,0.00936699,0.41033576,0.05340886,0.01005331,0.76750000,0.00262821,0.22301282,0.01776923,0.02315209,2.42616549,0.03066973,0.86402439,0.00878017,0.04338545,0.00318065,0.36225394,0.47199211,0.00322831,0.00838694,0.10526029,0.00107182,0.00124049
Labradorite,0.01243759,0.00942999,0.41905747,0.04403208,0.00832357,0.75818432,0.00261011,0.20421610,0.01463438,0.01930187,1.79915442,0.05349775,0.04975728,0.00899501,0.05376849,0.00323060,0.35915434,0.47370320,0.00517526,0.00693235,0.09673782,0.00006152,0.00123642
Labradorite,0.01320523,0.01012918,0.41580482,0.06124936,0.01177656,0.76705863,0.00282710,0.22577012,0.02080987,0.02712944,2.42303591,0.04025822,1.04920914,0.00951959,0.04376541,0.00342982,0.36029063,0.46970416,0.00426919,0.00977448,0.10604517,0.00139324,0.00132790
Labradorite,0.04656292,0.03890812,0.93922313,0.00080822,0.00034584,0.83560297,0.02539267,0.68547908,0.00063482,0.00075971,6.90043290,0.00265878,0.00403226,0.01617449,0.03731883,0.00507739,0.31391359,0.37567314,0.00068468,0.00023848,0.25751608,0.00003847,0.00953934
Labradorite,0.01324469,0.01013942,0.42439273,0.04726038,0.00912816,0.76554633,0.00311199,0.24205188,0.01611619,0.02105188,2.92190551,0.02227396,0.91588785,0.00917963,0.03898490,0.00330713,0.36026796,0.47060243,0.00253723,0.00758432,0.11391020,0.00134133,0.00146451
Labradorite,0.02461181,0.01872078,0.43752932,0.05747437,0.01152650,0.76064222,0.00173474,0.20243295,0.02029405,0.02668015,1.55275327,0.08226848,0.57978723,0.02233118,0.06063398,0.00790004,0.35376734,0.46509033,0.00774555,0.00943856,0.09414961,0.00046778,0.00080681
Labradorite,0.00937422,0.00713060,0.41162362,0.04385758,0.00815714,0.76066049,0.00266965,0.20430040,0.01436195,0.01888089,1.87766735,0.05622159,0.02535377,0.00586458,0.05164457,0.00211740,0.36104800,0.47465066,0.00545188,0.00681691,0.09697132,0.00003213,0.00126715
Labradorite,0.03799833,0.02891018,0.45468887,0.07266267,0.01539421,0.76082749,0.00247857,0.20565323,0.02710654,0.03562771,1.46595098,0.12106762,2.48031496,0.03474060,0.06394597,0.01204816,0.34680337,0.45582392,0.01134908,0.01235581,0.09374166,0.00280224,0.00112979
Labradorite,0.01794755,0.01348738,0.43981488,0.05103978,0.01014953,0.75148864,0.00258998,0.21773726,0.01777678,0.02365542,1.93066069,0.05250484,0.62665310,0.01450109,0.05303925,0.00512500,0.35342152,0.47029522,0.00537654,0.00836034,0.10240079,0.00076330,0.00121805
Labradorite,0.01369962,0.01053272,0.42734561,0.04232242,0.00820872,0.76883272,0.00329856,0.23524925,0.01451985,0.01888558,2.52121078,0.03381825,0.90000000,0.00940927,0.04373746,0.00339096,0.36038465,0.46874260,0.00372918,0.00680607,0.11027134,0.00139156,0.00154618
Labradorite,0.01502098,0.01129710,0.43239077,0.03550991,0.00683347,0.75208809,0.00250056,0.20186256,0.01197283,0.01591946,1.63672266,0.06786746,0.06652949,0.01169616,0.05832965,0.00416026,0.35569471,0.47294289,0.00647927,0.00566247,0.09546946,0.00007868,0.00118262
Labradorite,0.04556883,0.03597078,0.63144249,0.00017416,0.00004852,0.78937250,0.01663338,0.40086330,0.00008683,0.00010999,4.10804627,0.00362027,0.00820283,0.02449717,0.04196159,0.00831551,0.33944773,0.43002224,0.00062406,0.00003734,0.17238014,0.00005867,0.00715273
Microcline,0.03021221,0.01106264,0.08685778,0.88249614,0.17484076,0.36616454,0.00027492,0.00516666,0.23886125,0.65233309,0.19396111,2.55540897,0.88429752,0.02946141,0.01603381,0.00649339,0.22040331,0.60192422,0.00794716,0.14377637,0.00310994,0.00014633,0.00016548
Microcline,0.03238623,0.01199313,0.14808271,0.81769978,0.17949928,0.37031588,0.00036893,0.01495798,0.24597071,0.66421864,0.37508035,2.03174367,4.60120846,0.03138996,0.02325051,0.00677715,0.21590177,0.58302055,0.01771845,0.14340598,0.00872081,0.00098970,0.00021510
Microcline,0.01006838,0.00367356,0.12385118,0.84524436,0.18083204,0.36486148,0.00000000,0.01234435,0.24681069,0.67645039,0.37584583,2.03768423,65535.00000000,0.01006838,0.01947995,0.00217880,0.21640004,0.59310190,0.01491882,0.14638389,0.00732146,0.00021517,0.00000000
Microcline,0.02731108,0.00994339,0.10701057,0.86282548,0.17965215,0.36407916,0.00000146,0.00847339,0.24505975,0.67309469,0.27793504,2.86828932,119.00000000,0.02730706,0.01811979,0.00590895,0.21638910,0.59434629,0.01444507,0.14565035,0.00503613,0.00010345,0.00000087
Microcline,0.04150120,0.01534125,0.10095694,0.86541222,0.17520298,0.36965798,0.00000000,0.00768278,0.23996816,0.64916268,0.25923163,2.96143885,65535.00000000,0.04150120,0.01758439,0.00910243,0.21932931,0.59333040,0.01349951,0.14238041,0.00455843,0.00021513,0.00000000
Microcline,0.01704287,0.00622309,0.08929834,0.88128149,0.17730643,0.36514305,0.00000383,0.00721213,0.24204864,0.66288714,0.28400342,1.97076542,92.66666667,0.01703237,0.01529248,0.00374521,0.21988753,0.60219557,0.00855926,0.14576062,0.00434312,0.00021392,0.00000231
Microcline,0.00970913,0.00353737,0.10402196,0.86864929,0.18370321,0.36433478,0.00045644,0.01320273,0.25063268,0.68791863,0.53460817,1.72163272,5.43316832,0.00845634,0.01468594,0.00183213,0.21665782,0.59466686,0.01351693,0.14904295,0.00785123,0.00147471,0.00027143
Microcline,0.02179220,0.00788152,0.09270114,0.88728448,0.19382158,0.36166691,0.00075505,0.01476986,0.26392043,0.72973342,0.78742839,0.31360598,4.26153846,0.01970451,0.01119929,0.00425500,0.21594048,0.59707005,0.00276558,0.15757898,0.00881864,0.00192117,0.00045082
Microcline,0.02705984,0.01000989,0.13171798,0.83220933,0.17640860,0.36991685,0.00074326,0.01455498,0.24166511,0.65329575,0.42596143,1.72162013,2.95683453,0.02505059,0.02012858,0.00545876,0.21790932,0.58907650,0.01476117,0.14235924,0.00857400,0.00129460,0.00043784
Microcline,0.01470965,0.00514896,0.05832266,0.92629671,0.19005152,0.35003971,0.00043420,0.00940262,0.25657709,0.73299426,0.85380321,0.99209917,5.68731563,0.01346921,0.00669877,0.00286790,0.21292228,0.60828035,0.00567424,0.15607081,0.00571943,0.00150212,0.00026412
Microcline,0.02454700,0.00894697,0.10827784,0.85985186,0.17745372,0.36448308,0.00062375,0.01024809,0.24213260,0.66431780,0.35075348,2.01886533,1.12443439,0.02283568,0.01742843,0.00496488,0.21741766,0.59650960,0.01234149,0.14443442,0.00611308,0.00041837,0.00037207
Microcline,0.02175013,0.00803748,0.08344052,0.88865480,0.17968962,0.36953730,0.00033565,0.00917170,0.24609164,0.66594532,0.42338689,1.47292153,3.90268456,0.02084184,0.01297695,0.00461376,0.22136997,0.59904635,0.00809263,0.14742030,0.00549427,0.00078470,0.00020107
Microcline,0.00681795,0.00247695,0.05051605,0.93268102,0.18650779,0.36329771,0.00025649,0.01094962,0.25426565,0.69988233,1.47912886,1.42007808,4.10476191,0.00611195,0.00447297,0.00134167,0.21951592,0.60423150,0.00939539,0.15363532,0.00661610,0.00063615,0.00015498
Microcline,0.01608707,0.00566898,0.07916045,0.90212657,0.19012358,0.35239380,0.00034638,0.01080182,0.25712195,0.72964381,0.63191333,1.40141814,5.89438944,0.01510413,0.01029588,0.00320589,0.21225218,0.60231532,0.00911777,0.15486849,0.00650610,0.00122975,0.00020863
Microcline,0.00413725,0.00147916,0.03786668,0.95093372,0.19327724,0.35752258,0.00023911,0.00803750,0.26237822,0.73387875,1.46118075,0.92624879,12.29767442,0.00346844,0.00334327,0.00075369,0.21729888,0.60779064,0.00452484,0.15947103,0.00488512,0.00178722,0.00014533
Microcline,0.00598075,0.00212025,0.04048073,0.94888228,0.19666957,0.35451183,0.00005614,0.00653060,0.26639126,0.75143124,0.83508191,1.88141944,11.33333333,0.00582240,0.00473873,0.00125075,0.21481695,0.60595145,0.00744520,0.16142017,0.00395722,0.00038552,0.00003402
Microcline,0.00515099,0.00187336,0.07979682,0.89682874,0.18499155,0.36368978,0.00000452,0.00937698,0.25227108,0.69364359,0.47733809,1.89733703,110.25000000,0.00513856,0.01179736,0.00112233,0.21841327,0.60054827,0.01068453,0.15150096,0.00563133,0.00029924,0.00000271
Microcline,0.00584315,0.00211699,0.04406550,0.94243383,0.19185848,0.36230356,0.00003310,0.00658634,0.26136949,0.72141020,0.70226114,2.01358645,22.03703704,0.00575179,0.00566437,0.00125858,0.21881582,0.60395713,0.00800977,0.15785597,0.00397786,0.00044050,0.00001999
Microcline,0.03766014,0.01392525,0.12490975,0.84219279,0.17995222,0.36976090,0.00059892,0.01363110,0.24649152,0.66662407,0.41870170,1.88343877,3.15779093,0.03604038,0.01910622,0.00782094,0.21700487,0.58687890,0.01506715,0.14466067,0.00799981,0.00110995,0.00035150
Microcline,0.00018978,0.00006784,0.03335990,0.95897955,0.20537963,0.35748596,0.00004342,0.00623762,0.27879997,0.77989069,1.09661260,1.75462258,19.09375000,0.00006832,0.00342644,0.00001471,0.21534609,0.60239034,0.00659296,0.16794641,0.00375748,0.00049942,0.00002616
Microcline,0.02775143,0.02507462,0.04069011,0.81122828,0.08300059,0.90354325,0.00091610,0.00567097,0.15799521,0.17486182,0.18237978,3.12662845,1.42903226,0.02673753,0.01451364,0.01127628,0.42173984,0.46676221,0.00827617,0.07374620,0.00264700,0.00061106,0.00042760
Microcline,0.02611899,0.00932029,0.10540961,0.86548458,0.17836595,0.35683956,0.00000653,0.00681017,0.24201398,0.67821510,0.22107942,1.76043166,53.50000000,0.02610069,0.01857769,0.00561704,0.21520648,0.60309031,0.00723035,0.14595629,0.00410714,0.00021077,0.00000394
Microcline,0.02993851,0.01140192,0.14933268,0.80049664,0.16525979,0.38084467,0.00073582,0.01834633,0.22819810,0.59918944,0.47620363,1.36618799,1.95117541,0.02800643,0.02261171,0.00626012,0.22352433,0.58691732,0.01471081,0.13393342,0.01076778,0.00084265,0.00043187
Microcline,0.01444289,0.00524597,0.06365947,0.91831768,0.19069232,0.36322172,0.00042855,0.00919526,0.25995591,0.71569483,0.66023548,1.65188071,5.10289389,0.01326302,0.00834505,0.00288654,0.21763847,0.59918903,0.00910137,0.15576273,0.00550970,0.00131034,0.00025678
Microcline,0.00316721,0.00112737,0.02944745,0.96244715,0.19811911,0.35594920,0.00052191,0.00611245,0.26863945,0.75471289,1.39894087,1.34700316,1.71428571,0.00170098,0.00265561,0.00036799,0.21633962,0.60778229,0.00500417,0.16327430,0.00371504,0.00054378,0.00031720
Microcline,0.04482919,0.01633251,0.08621313,0.88015300,0.16907438,0.36432759,0.00000000,0.00725300,0.23067284,0.63314679,0.30024618,1.64158126,65535.00000000,0.04482919,0.01459691,0.00986902,0.22014718,0.60425613,0.00719450,0.13938548,0.00438267,0.00016812,0.00000000
Microcline,0.01265914,0.00457163,0.09470731,0.87931662,0.18308290,0.36113284,0.00018604,0.01228937,0.24920014,0.69005119,0.56083712,1.77986694,11.46496815,0.01214398,0.01309687,0.00262122,0.21584487,0.59768829,0.01307350,0.14894401,0.00734521,0.00127484,0.00011120
Microcline,0.00782225,0.00276472,0.07419741,0.90427353,0.18303550,0.35344235,0.00000000,0.00783710,0.24772799,0.70090070,0.42622126,2.08275746,65535.00000000,0.00782225,0.01116427,0.00167865,0.21459937,0.60716935,0.00991069,0.15041285,0.00475845,0.00030638,0.00000000
Microcline,0.00061262,0.00021708,0.00986705,0.98854020,0.22269209,0.35434853,0.00012240,0.00349637,0.30160270,0.85114703,65535.00000000,0.88507266,11.03773585,0.00026721,0.00000000,0.00005690,0.21293574,0.60092174,0.00185958,0.18123962,0.00210105,0.00081183,0.00007355
Microcline,0.01488333,0.00540808,0.07900621,0.90011545,0.18975437,0.36336465,0.00030499,0.01105404,0.25870440,0.71196911,0.62614885,2.12106832,5.57600000,0.01404398,0.01050002,0.00303515,0.21611710,0.59476646,0.01394512,0.15386870,0.00657458,0.00101147,0.00018140
Microcline,0.00408431,0.00149003,0.06586851,0.91183734,0.18210113,0.36481865,0.00000000,0.00767563,0.24853502,0.68125634,0.46933067,1.56605648,65535.00000000,0.00408431,0.00990155,0.00090212,0.22087417,0.60543553,0.00727762,0.15047193,0.00464710,0.00048997,0.00000000
Microcline,0.00145261,0.00052343,0.03528196,0.95224394,0.18635134,0.36033448,0.00050428,0.00550662,0.25350015,0.70351343,0.76409802,1.82496136,0.95358650,0.00005314,0.00440076,0.00001169,0.22003794,0.61064914,0.00613664,0.15479965,0.00336261,0.00029364,0.00030794
Microcline,0.00258739,0.00095886,0.04334563,0.94078265,0.18619599,0.37058830,0.00067086,0.00664197,0.25519804,0.68862951,0.70498681,1.44907329,1.56060606,0.00077713,0.00569793,0.00017418,0.22412624,0.60478498,0.00582088,0.15433994,0.00401696,0.00063318,0.00040573
Microcline,0.01414928,0.00517578,0.05513676,0.92938613,0.19435787,0.36579782,0.00039683,0.00853020,0.26545356,0.72568382,0.73291564,1.15725646,5.08974359,0.01306444,0.00697561,0.00286424,0.21923918,0.59934523,0.00591651,0.15909832,0.00511253,0.00121054,0.00023784
Microcline,0.00134526,0.00047136,0.03587842,0.95477502,0.19653588,0.35038282,0.00000892,0.00604609,0.26539868,0.75745346,0.92659118,0.89043405,88.00000000,0.00131981,0.00399090,0.00028284,0.21430241,0.61162363,0.00329277,0.16232410,0.00369793,0.00047997,0.00000545
Microcline,0.00440834,0.00158902,0.04282674,0.94481540,0.19427364,0.36045832,0.00018143,0.00876458,0.26430120,0.73323650,1.31350365,0.96888025,16.25503356,0.00390501,0.00403615,0.00085142,0.21803320,0.60487770,0.00513652,0.15986990,0.00530150,0.00178386,0.00010974
Microcline,0.00516229,0.00181322,0.04301191,0.94531186,0.19326138,0.35124318,0.00001516,0.00672074,0.26114312,0.74348239,0.80133767,1.20685766,30.50000000,0.00511913,0.00512058,0.00109780,0.21444982,0.61054514,0.00495212,0.15943966,0.00410332,0.00028232,0.00000926
Microcline,0.00820830,0.00286349,0.06672034,0.91724464,0.19126040,0.34885295,0.00065236,0.01071223,0.25798215,0.73951548,0.85265725,0.96984865,2.29745597,0.00633829,0.00763794,0.00134426,0.21208643,0.60795367,0.00631618,0.15684120,0.00651254,0.00091118,0.00039661
Microcline,0.00001926,0.00000680,0.02043765,0.97495456,0.20750394,0.35284922,0.00000544,0.00545783,0.28072155,0.79558501,3.11240310,1.25479452,224.50000000,0.00000385,0.00106351,0.00000082,0.21399611,0.60648031,0.00415346,0.17025209,0.00331007,0.00074033,0.00000330
Microcline,0.01292824,0.00473425,0.10110588,0.86898006,0.17974154,0.36619492,0.00034497,0.01304036,0.24556197,0.67057722,0.54370840,1.40338482,6.43478261,0.01198619,0.01432711,0.00262198,0.21874972,0.59735870,0.01093205,0.14668858,0.00778977,0.00132603,0.00020607
Microcline,0.00932612,0.00329512,0.11984476,0.85028365,0.17769824,0.35332192,0.00029421,0.01253323,0.24048292,0.68063403,0.42042931,1.54250503,2.23928571,0.00849343,0.01796428,0.00180840,0.21291698,0.60261470,0.01165009,0.14491854,0.00755271,0.00039701,0.00017729
Microcline,0.00369710,0.00135112,0.07166238,0.90767377,0.18856088,0.36545404,0.00016021,0.01136543,0.25747122,0.70452420,0.76669789,1.43623720,15.74666667,0.00325871,0.00888023,0.00071341,0.21892495,0.59904921,0.00977855,0.15423793,0.00680845,0.00151128,0.00009597
Microcline,0.00231650,0.00084614,0.04416225,0.94165462,0.19069111,0.36526851,0.00000000,0.00780898,0.26034457,0.71274847,0.93834218,1.51943719,65535.00000000,0.00231650,0.00502761,0.00051118,0.22066869,0.60412733,0.00716812,0.15728127,0.00471762,0.00049818,0.00000000
Microcline,0.02450384,0.00897071,0.04576256,0.93927135,0.18967921,0.36609393,0.00023891,0.00413680,0.25911962,0.70779546,0.32788586,2.42879747,2.35616438,0.02385124,0.00759328,0.00525522,0.22033304,0.60184839,0.00604705,0.15595073,0.00248973,0.00033879,0.00014379
Microcline,0.02947801,0.01090223,0.06849795,0.90961575,0.18611842,0.36984297,0.00001689,0.01190972,0.25495300,0.68935474,0.88721174,0.67296786,23.83333333,0.02943235,0.00804084,0.00652033,0.22153595,0.59900004,0.00480090,0.15271686,0.00713392,0.00024106,0.00001011
Montmorillonite,0.49531632,0.17421025,0.03882296,0.42325915,0.00741345,0.35171514,0.00371332,0.00509326,0.01002087,0.02849143,0.59491164,0.00665813,0.27046013,0.48475859,0.00552119,0.10995269,0.22681947,0.64489538,0.00002187,0.00646241,0.00328462,0.00064767,0.00239470
Montmorillonite,0.54082675,0.19158567,0.07240122,0.26968359,0.00699353,0.35424593,0.00434858,0.00285120,0.00947096,0.02673556,0.12507085,2.16465257,0.29085507,0.52855117,0.01435207,0.11787876,0.22302242,0.62956947,0.00388561,0.00596263,0.00179503,0.00079628,0.00273773
Montmorillonite,0.53710046,0.18440133,0.04708904,0.29413442,0.00501499,0.34332745,0.00688484,0.00473360,0.00673678,0.01962202,0.41401638,0.78840846,0.28304870,0.51704718,0.00734644,0.11406219,0.22060305,0.64254415,0.00239798,0.00432868,0.00304155,0.00125216,0.00442381
Montmorillonite,0.54028636,0.18031723,0.04545600,0.40873285,0.00786299,0.33374381,0.00498595,0.00756258,0.01048722,0.03142296,0.99401830,0.00513274,0.28805369,0.52534692,0.00493649,0.11376328,0.21654887,0.64884760,0.00002519,0.00680461,0.00490696,0.00093189,0.00323512
Montmorillonite,0.55438900,0.18994994,0.06202692,0.41633000,0.01129065,0.34262933,0.00462328,0.00797948,0.01515916,0.04424361,0.60119214,0.34701782,0.29518717,0.54089548,0.00843720,0.11780801,0.21780180,0.63567763,0.00176021,0.00963634,0.00507238,0.00086753,0.00293891
Montmorillonite,0.57953416,0.20174296,0.08673913,0.36733615,0.01300466,0.34811229,0.00489976,0.00964937,0.01753174,0.05036232,0.46965622,0.60649820,0.66192694,0.56545894,0.01278763,0.12251569,0.21666593,0.62240242,0.00364250,0.01091180,0.00600579,0.00201863,0.00304962
Montmorillonite,0.52005313,0.17864193,0.04256617,0.21772152,0.00302901,0.34350706,0.00605692,0.00173731,0.00406949,0.01184690,0.13483736,2.31906615,0.12834821,0.50242055,0.00833598,0.11165878,0.22224166,0.64697843,0.00260663,0.00263287,0.00112400,0.00050296,0.00391870
Montmorillonite,0.55942996,0.19393101,0.03119840,0.19411977,0.00193453,0.34665826,0.00540921,0.00269248,0.00260515,0.00751504,0.33147521,1.21621622,0.14020927,0.54382610,0.00521340,0.12099913,0.22249600,0.64183095,0.00210176,0.00167207,0.00172811,0.00048678,0.00347180
Montmorillonite,0.53414983,0.18145408,0.04261342,0.38745034,0.00683463,0.33970634,0.00593482,0.00360849,0.00915640,0.02695387,0.33204231,1.47824136,0.25450082,0.51667938,0.00700393,0.11311873,0.21893408,0.64448043,0.00343780,0.00590112,0.00232560,0.00097344,0.00382488
Montmorillonite,0.52209477,0.17880987,0.02434499,0.40918771,0.00430145,0.34248546,0.00579396,0.00205869,0.00577464,0.01686098,0.32786325,0.27007299,0.16117080,0.50517739,0.00408558,0.11257478,0.22284208,0.65066145,0.00036177,0.00375734,0.00133951,0.00060760,0.00376991
Montmorillonite,0.57988442,0.20162794,0.10293100,0.30767619,0.01180173,0.34770367,0.00492715,0.01022007,0.01590524,0.04574365,0.39969884,0.54968213,0.42271062,0.56571389,0.01589420,0.12227110,0.21613593,0.62160955,0.00349207,0.00988685,0.00635289,0.00129466,0.00306276
Montmorillonite,0.49471478,0.16608628,0.02365161,0.42187680,0.00433799,0.33572129,0.00568207,0.00427144,0.00579435,0.01725941,1.16422414,0.00148093,0.20929585,0.47778982,0.00241895,0.10575606,0.22134431,0.65930972,0.00000417,0.00382027,0.00281620,0.00078407,0.00374624
Montmorillonite,0.52108205,0.17511932,0.02508131,0.31784201,0.00293952,0.33606860,0.00561474,0.00215383,0.00392740,0.01168629,0.34322866,0.00000000,0.14779271,0.50437491,0.00411658,0.11119617,0.22046333,0.65600692,0.00000000,0.00257640,0.00141293,0.00054437,0.00368331
Montmorillonite,0.56311764,0.19389997,0.09358614,0.30082122,0.01031344,0.34433298,0.00516665,0.01237889,0.01386470,0.04026538,0.62375015,0.20245399,0.46159317,0.54811284,0.01248788,0.11875895,0.21666880,0.62924208,0.00157698,0.00872425,0.00778932,0.00150067,0.00325107
Montmorillonite,0.50952847,0.17506724,0.06896098,0.36287463,0.01004398,0.34358676,0.00545255,0.01268554,0.01349496,0.03927671,1.15233733,0.07032922,0.45885701,0.49365898,0.00706021,0.10878056,0.22035568,0.64133927,0.00057218,0.00865485,0.00813574,0.00160459,0.00349693
Montmorillonite,0.50495196,0.17060502,0.06934854,0.37370077,0.01044983,0.33786387,0.00694920,0.01581407,0.01398045,0.04137895,2.07634660,0.00428604,0.98562628,0.48438391,0.00490489,0.10539423,0.21758408,0.64399927,0.00004365,0.00900340,0.01018425,0.00441095,0.00447528
Montmorillonite,0.57533095,0.20173816,0.11538313,0.32180383,0.01421368,0.35064715,0.00484855,0.01080165,0.01919767,0.05474925,0.36421798,0.59389377,0.28534824,0.56150353,0.01830866,0.12154878,0.21647020,0.61734481,0.00396029,0.01185158,0.00666835,0.00085411,0.00299323
Montmorillonite,0.46463000,0.15038126,0.06483084,0.49470199,0.01551988,0.32365809,0.01443786,0.01996800,0.02054301,0.06347134,19.67241379,0.00813823,1.23203463,0.42002163,0.00066189,0.08864819,0.21105624,0.65209630,0.00010597,0.01339602,0.01302106,0.01159945,0.00941488
Montmorillonite,0.61350501,0.21359417,0.14988833,0.27498159,0.01468095,0.34815391,0.00531679,0.01152777,0.01979218,0.05684894,0.28354100,0.88185999,0.37403058,0.59823362,0.02470196,0.12654477,0.21153068,0.60757808,0.00617656,0.01202530,0.00700402,0.00120826,0.00323037
Montmorillonite,0.57280632,0.20445640,0.10272136,0.33339077,0.01351375,0.35693809,0.00466488,0.00670829,0.01833732,0.05137396,0.22393135,1.16228148,0.32656171,0.55973716,0.01842687,0.12289438,0.21955730,0.61511311,0.00479599,0.01127953,0.00412635,0.00093705,0.00286943
Montmorillonite,0.58133001,0.20149226,0.08119526,0.34668763,0.01109030,0.34660564,0.00447444,0.00620490,0.01493426,0.04308719,0.28284011,0.78773052,0.22651357,0.56842070,0.01373625,0.12336156,0.21702511,0.62614420,0.00306046,0.00935100,0.00388516,0.00063461,0.00280165
Montmorillonite,0.54310431,0.18784673,0.04830804,0.39516028,0.00811088,0.34587598,0.00402582,0.00344119,0.01091623,0.03156112,0.25937148,0.34712951,0.30413695,0.53146482,0.00848426,0.11755010,0.22118135,0.63948168,0.00076389,0.00698073,0.00220058,0.00078298,0.00257444
Montmorillonite,0.56620386,0.19833351,0.09273541,0.37860182,0.01465736,0.35028639,0.00491189,0.01120216,0.01979163,0.05650128,0.52637279,0.49382716,0.94040357,0.55218135,0.01320992,0.12005960,0.21742785,0.62071452,0.00343375,0.01228495,0.00695334,0.00286718,0.00304888
Montmorillonite,0.51565132,0.17465320,0.05869038,0.44145588,0.01173634,0.33870407,0.00639340,0.01262122,0.01571148,0.04638705,1.73907209,0.03472605,0.83090316,0.49677525,0.00466808,0.10822668,0.21785843,0.64321174,0.00028191,0.01010581,0.00811812,0.00341693,0.00411231
Montmorillonite,0.57172650,0.20117934,0.08458637,0.30187869,0.00952048,0.35188039,0.00558853,0.00457853,0.01287055,0.03657648,0.18179065,1.66011330,0.42779143,0.55584461,0.01568535,0.12181136,0.21914643,0.62278671,0.00473373,0.00801561,0.00285145,0.00148891,0.00348046
Montmorillonite,0.58513204,0.20491622,0.13270519,0.32749255,0.01676158,0.35020510,0.00427142,0.00729411,0.02263157,0.06462376,0.18616960,2.11641419,0.50708717,0.57293513,0.02386357,0.12220800,0.21330164,0.60907636,0.00940253,0.01378436,0.00444267,0.00131925,0.00260162
Montmorillonite,0.60338400,0.21335253,0.14445883,0.27653474,0.01442421,0.35359329,0.00465971,0.00993879,0.01952451,0.05521742,0.24157929,1.30928710,0.14119473,0.59020583,0.02491544,0.12638700,0.21414054,0.60561258,0.00788067,0.01182429,0.00601905,0.00039845,0.00282198
Montmorillonite,0.56701859,0.20098914,0.10271575,0.34156518,0.01394456,0.35446657,0.00436501,0.00617548,0.01888744,0.05328413,0.20425749,1.28459063,0.39883662,0.55470429,0.01865794,0.12134098,0.21874896,0.61712154,0.00489561,0.01165585,0.00381102,0.00107436,0.00269374
Montmorillonite,0.56005279,0.19426504,0.07498102,0.38179271,0.01192573,0.34686916,0.00444575,0.00603971,0.01606240,0.04630681,0.30245557,0.92254983,0.47588152,0.54723598,0.01255201,0.11931620,0.21803428,0.62857787,0.00350239,0.01009647,0.00379643,0.00132985,0.00279450
Montmorillonite,0.47897485,0.15423070,0.05976375,0.25889354,0.00508516,0.32200166,0.00632185,0.01670544,0.00672259,0.02087750,6.58060201,0.00000000,0.82245501,0.45934188,0.00168409,0.09812194,0.21361417,0.66339462,0.00000000,0.00445973,0.01108230,0.00344928,0.00419388
Montmorillonite,0.56926115,0.19887639,0.09310053,0.36045135,0.01358531,0.34935880,0.00416151,0.00681283,0.01833145,0.05247171,0.26496018,0.78781546,0.15289474,0.55734930,0.01601939,0.12131045,0.21765606,0.62301583,0.00334388,0.01142079,0.00424450,0.00039641,0.00259269
Montmorillonite,0.55383481,0.18687954,0.03226207,0.27916052,0.00315224,0.33742830,0.00525185,0.00177856,0.00421589,0.01249418,0.19528329,0.00073638,0.04413965,0.53827046,0.00591538,0.11796740,0.21916009,0.64950123,0.00000085,0.00273823,0.00115518,0.00015056,0.00341109
Montmorillonite,0.53199600,0.18090762,0.05624134,0.38166194,0.00880916,0.34005447,0.00441238,0.00739499,0.01180476,0.03471431,0.63042750,0.03063031,0.14807122,0.51902048,0.00755431,0.11366463,0.21899835,0.64400963,0.00014588,0.00760238,0.00476245,0.00042076,0.00284162
Montmorillonite,0.57374986,0.20137052,0.07052735,0.27945619,0.00710620,0.35097267,0.00428188,0.00518668,0.00960029,0.02735338,0.26507991,0.70959466,0.08980733,0.56154984,0.01230008,0.12389577,0.22063184,0.62862969,0.00231364,0.00603503,0.00326050,0.00024174,0.00269171
Montmorillonite,0.54733781,0.18702877,0.03492625,0.28237033,0.00349999,0.34170628,0.00632683,0.00320644,0.00469595,0.01374266,0.36737089,0.00000000,0.11301814,0.52882240,0.00564529,0.11687744,0.22101454,0.64679683,0.00000000,0.00303733,0.00207392,0.00046249,0.00409218
Montmorillonite,0.55145423,0.19078937,0.08186522,0.23324606,0.00640126,0.34597498,0.00495720,0.00139929,0.00861594,0.02490335,0.05197187,6.35441177,0.06600249,0.53712603,0.01700906,0.11739815,0.21856723,0.63174288,0.00561726,0.00544306,0.00088399,0.00020670,0.00313168
Montmorillonite,0.55142725,0.18794483,0.06146034,0.35157074,0.00847057,0.34083340,0.00406210,0.00378150,0.01135762,0.03332308,0.22028720,1.54958391,0.17688832,0.53950912,0.01095022,0.11729744,0.21741512,0.63789266,0.00373789,0.00724494,0.00241219,0.00045835,0.00259118
Montmorillonite,0.49038730,0.16371418,0.01180667,0.60731490,0.00457023,0.33384671,0.00628582,0.00198245,0.00609599,0.01825984,1.01188300,0.00000000,0.09202279,0.47155885,0.00129903,0.10438322,0.22135779,0.66305218,0.00000000,0.00404196,0.00131447,0.00038354,0.00416782
Montmorillonite,0.51515207,0.17453240,0.02782949,0.49379715,0.00686997,0.33879781,0.00547697,0.00418423,0.00919750,0.02714747,0.79785651,0.00000000,0.27651083,0.49898618,0.00341992,0.11024366,0.22093530,0.65211548,0.00000000,0.00599783,0.00272860,0.00098759,0.00357162
Illite (var. Muscovite),0.14769969,0.08361948,0.06186220,0.79058559,0.08442354,0.56614527,0.02025460,0.00554658,0.13221952,0.23354345,0.18817010,8.71094750,0.12657784,0.11192335,0.01578062,0.03392329,0.30309396,0.53536429,0.02586664,0.07078561,0.00296944,0.00137256,0.01084359
Illite (var. Muscovite),0.09874573,0.06400644,0.01739574,0.95930787,0.16128251,0.64819443,0.02946652,0.01127295,0.26582493,0.41010061,3924.00000000,0.05632008,0.62825388,0.05328635,0.00000143,0.01719731,0.32273383,0.49789665,0.00031611,0.13235334,0.00561276,0.00921729,0.01467128
Illite (var. Muscovite),0.03681036,0.02799340,0.00377525,0.93667576,0.02412238,0.76047626,0.01353539,0.00286583,0.04246688,0.05584248,556.00000000,5.36151079,0.04836253,0.01901179,0.00000279,0.00781587,0.41110662,0.54059100,0.00830628,0.02295722,0.00154924,0.00035387,0.00731711
Illite (var. Muscovite),0.11754585,0.06247838,0.00369257,0.98229733,0.07111009,0.53152351,0.02711336,0.00196007,0.10890677,0.20489548,748.00000000,3.47994652,1.25582294,0.06653520,0.00000150,0.02025788,0.30446856,0.57282238,0.00390718,0.06238423,0.00112277,0.01950436,0.01553114
Illite (var. Muscovite),0.15894139,0.08657173,0.04045471,0.84786384,0.07949945,0.54467706,0.02540923,0.00438451,0.12280098,0.22545648,0.24841044,7.16857899,0.34221748,0.11229130,0.00971817,0.03367588,0.29989751,0.55059692,0.01730563,0.06761384,0.00241410,0.00478771,0.01399025
Illite (var. Muscovite),0.14584429,0.07650386,0.00966597,0.96161880,0.08332579,0.52455850,0.02403249,0.00269385,0.12703504,0.24217517,1.13352685,10.37387964,0.21600287,0.10002959,0.00134547,0.02970687,0.29698079,0.56615380,0.01582153,0.07192137,0.00152513,0.00293895,0.01360609
Illite (var. Muscovite),0.19309742,0.09580308,0.01976914,0.91131395,0.06736458,0.49613861,0.03369682,0.00102971,0.10078674,0.20314231,0.11729819,14.43820225,0.05742489,0.12517927,0.00510576,0.03612218,0.28856361,0.58161894,0.00864698,0.05861948,0.00059890,0.00112545,0.01959871
Illite (var. Muscovite),0.20522768,0.08632528,0.08454907,0.73122058,0.06810544,0.42063178,0.02101764,0.00380047,0.09675275,0.23001768,0.11964874,7.54250765,0.16257465,0.15526083,0.01900467,0.03907465,0.25167099,0.59831663,0.01715079,0.05788878,0.00227388,0.00204441,0.01257521
Illite (var. Muscovite),0.13715200,0.07493785,0.00380665,0.98605703,0.09511978,0.54638541,0.02439265,0.00207744,0.14709184,0.26920894,844.00000000,6.87322275,0.34944501,0.09250833,0.00000137,0.02818562,0.30468196,0.55763194,0.00796225,0.08202311,0.00115845,0.00475319,0.01360212
Illite (var. Muscovite),0.18485131,0.10157765,0.04524065,0.81827899,0.07224476,0.54951003,0.02681494,0.00419681,0.11194397,0.20371598,0.20310366,5.52078240,0.07902038,0.13605341,0.01139621,0.04123291,0.30306417,0.55151709,0.01277847,0.06173902,0.00231461,0.00116862,0.01478890
Illite (var. Muscovite),0.09686802,0.06960827,0.05899980,0.78564926,0.09041963,0.71858881,0.01429927,0.00211679,0.15539416,0.21624907,0.05255210,13.59195402,0.18410754,0.07696892,0.01996628,0.02741610,0.35619696,0.49568955,0.01426163,0.07702726,0.00104927,0.00130495,0.00708800
Illite (var. Muscovite),0.16326922,0.08748301,0.07081148,0.76059946,0.07848984,0.53582057,0.02312355,0.00522797,0.12054631,0.22497515,0.15980684,9.63387210,0.05568796,0.12011382,0.01784306,0.03510301,0.29224790,0.54542121,0.02747044,0.06574851,0.00285144,0.00070234,0.01261208
Illite (var. Muscovite),0.17053584,0.09654793,0.04711233,0.84039036,0.08967100,0.56614452,0.02526152,0.00544499,0.14043775,0.24805989,0.25650746,7.27684729,0.26470588,0.12591557,0.01131457,0.03799689,0.30176481,0.53301728,0.02111939,0.07485574,0.00290227,0.00356422,0.01346483
Illite (var. Muscovite),0.20935887,0.10447703,0.01201389,0.93497995,0.05751176,0.49903322,0.03861926,0.00127823,0.08621204,0.17275812,0.27097662,14.52791878,0.03259409,0.13197072,0.00274962,0.03838881,0.29088881,0.58290469,0.01082451,0.05025340,0.00074508,0.00073374,0.02251135
Illite (var. Muscovite),0.17998881,0.09701612,0.01838810,0.91203451,0.06677167,0.53901194,0.03313031,0.00434355,0.10276240,0.19064958,0.78011050,4.78328612,0.17437326,0.11852393,0.00313637,0.03598683,0.30362502,0.56329926,0.01170334,0.05788598,0.00244672,0.00325420,0.01866228
Illite (var. Muscovite),0.21960090,0.11870651,0.09014340,0.66429674,0.06258980,0.54055569,0.03229045,0.01146860,0.09642307,0.17837768,0.30780800,2.68485342,0.08937093,0.15986524,0.02027046,0.04701405,0.29408552,0.54404297,0.01675190,0.05245829,0.00623941,0.00157001,0.01756739
Illite (var. Muscovite),0.16973311,0.08953312,0.06579259,0.77241834,0.07711344,0.52749356,0.02482757,0.00558777,0.11779028,0.22330184,0.19190473,8.20244151,0.19407769,0.12266604,0.01599704,0.03554910,0.28980393,0.54939804,0.02518074,0.06471375,0.00306991,0.00264726,0.01364022
Illite (var. Muscovite),0.15416419,0.09357386,0.11235718,0.62337001,0.07024148,0.60697535,0.02597715,0.03367007,0.11287633,0.18596526,0.97515384,1.08131921,0.08564815,0.11136649,0.01798091,0.03520192,0.31609075,0.52076375,0.01896002,0.05878190,0.01753415,0.00115865,0.01352796
Illite (var. Muscovite),0.04815039,0.04321361,0.04932466,0.70137406,0.05479384,0.89747165,0.00786626,0.00953923,0.10396975,0.11584740,0.27468191,5.52960119,0.14208471,0.03938548,0.01620704,0.01649596,0.41883356,0.46668166,0.02461658,0.04852078,0.00445178,0.00052160,0.00367104
Illite (var. Muscovite),0.14089998,0.07631825,0.00579460,0.97786945,0.08995896,0.54164840,0.02505002,0.00126536,0.13868509,0.25604264,0.67548322,14.31475904,0.15891974,0.09465222,0.00105129,0.02877191,0.30397500,0.56120354,0.01016530,0.07783056,0.00071013,0.00223412,0.01405816
Illite (var. Muscovite),0.23428174,0.12584093,0.06920058,0.73641710,0.06755971,0.53713502,0.03571595,0.00165265,0.10384840,0.19333761,0.04653075,24.02120141,0.06572924,0.16778830,0.01923977,0.04882069,0.29096598,0.54169988,0.02150476,0.05625467,0.00089524,0.00127169,0.01934733
Illite (var. Muscovite),0.17928154,0.09552974,0.02366768,0.88153027,0.06121946,0.53284758,0.03456085,0.00055140,0.09384010,0.17611058,0.04572175,45.11428571,0.06245014,0.11442087,0.00684495,0.03460478,0.30243418,0.56758104,0.01411911,0.05326186,0.00031296,0.00122503,0.01961608
Illite (var. Muscovite),0.18885246,0.10436043,0.05763934,0.77373870,0.07015456,0.55260297,0.03161010,0.00135685,0.10892217,0.19710747,0.04449432,21.81305638,0.06992740,0.13165027,0.01666799,0.03976418,0.30204400,0.54658410,0.01617723,0.05953513,0.00074163,0.00120818,0.01727758
Illite (var. Muscovite),0.25554947,0.13421320,0.11650934,0.61874473,0.06511055,0.52519459,0.03608573,0.00473209,0.09930626,0.18908470,0.08381618,9.06317044,0.05423570,0.18684021,0.03027645,0.05262235,0.28164358,0.53626520,0.02299921,0.05325449,0.00253766,0.00104954,0.01935152
Illite (var. Muscovite),0.22922553,0.12177930,0.09163058,0.69305400,0.07178041,0.53126414,0.03640821,0.00399759,0.10991477,0.20689288,0.08946658,10.53113208,0.07634141,0.16069426,0.02406790,0.04598455,0.28616177,0.53864311,0.02267640,0.05920483,0.00215327,0.00149713,0.01961103
Illite (var. Muscovite),0.08065535,0.06638626,0.05490150,0.81702117,0.11067629,0.82308557,0.01648419,0.00859207,0.20177236,0.24514141,0.23477803,4.78923767,0.21951695,0.06062805,0.01677817,0.02287826,0.37735432,0.45846306,0.01886551,0.09250517,0.00393915,0.00165898,0.00755739
Illite (var. Muscovite),0.14993278,0.08213215,0.04882359,0.82181098,0.07969377,0.54779315,0.02493819,0.00236467,0.12334947,0.22517526,0.09698997,16.73081201,0.09439933,0.10440795,0.01338167,0.03139184,0.30066526,0.54886641,0.02171471,0.06770238,0.00129789,0.00129211,0.01368773
Illite (var. Muscovite),0.17582184,0.07863114,0.03613524,0.88216835,0.08360024,0.44722058,0.02512997,0.00262612,0.12098798,0.27053313,0.19403405,11.87527194,0.42922098,0.11963039,0.00793814,0.03137950,0.26230373,0.58651980,0.01829112,0.07096185,0.00154027,0.00632639,0.01473923
Oligoclase,0.00146764,0.00071964,0.42046563,0.09942353,0.01527258,0.49034224,0.00071027,0.11208626,0.02276137,0.04641935,1.19131973,0.00217500,0.87458746,0.00001912,0.05467370,0.00000545,0.28494018,0.58110470,0.00014167,0.01322674,0.06513385,0.00036098,0.00041274
Oligoclase,0.00358807,0.00181240,0.56540192,0.08766662,0.01823312,0.50511936,0.00180564,0.20415230,0.02744302,0.05432978,2.50668438,0.00003313,1.72659176,0.00001339,0.04467303,0.00000371,0.27706700,0.54851789,0.00000371,0.01505299,0.11198119,0.00171006,0.00099043
Oligoclase,0.01206242,0.00601454,0.52492130,0.09405548,0.01813234,0.49861812,0.00025223,0.07624101,0.02717345,0.05449751,0.41101548,0.13236666,1.60106383,0.01155657,0.10282176,0.00319412,0.27639019,0.55431236,0.00559399,0.01506258,0.04226134,0.00022385,0.00013981
Oligoclase,0.00162918,0.00081148,0.50816052,0.08526826,0.01574945,0.49809149,0.00037150,0.08108246,0.02359411,0.04736904,0.47133300,0.06448657,0.79607843,0.00088333,0.09658351,0.00024702,0.27964884,0.56144070,0.00293562,0.01324670,0.04552299,0.00016604,0.00020858
Oligoclase,0.00169222,0.00083259,0.50448893,0.08829174,0.01611082,0.49200939,0.00032968,0.07979576,0.02403749,0.04885576,0.47379728,0.06657797,1.86440678,0.00102215,0.09509634,0.00028396,0.27781130,0.56464634,0.00299976,0.01357268,0.04505639,0.00034707,0.00018615
Oligoclase,0.01848669,0.00923151,0.54447118,0.08606878,0.01707713,0.49936012,0.00036208,0.07436558,0.02560477,0.05127516,0.37649336,0.15910093,1.81896552,0.01776160,0.10861347,0.00487714,0.27458886,0.54988144,0.00650600,0.01407959,0.04089225,0.00036216,0.00019910
Oligoclase,0.02314207,0.01143365,0.56618675,0.07940839,0.01615001,0.49406350,0.00019614,0.06999320,0.02412914,0.04883813,0.33371571,0.12996936,1.54000000,0.02274508,0.11531994,0.00617868,0.27164891,0.54982591,0.00500175,0.01326683,0.03848408,0.00016608,0.00010784
Oligoclase,0.00068431,0.00032869,0.41626071,0.09764624,0.01461578,0.48032455,0.00032639,0.10307774,0.02163610,0.04504474,1.06416554,0.00026759,2.78873239,0.00000479,0.05687198,0.00000135,0.28201841,0.58714135,0.00001619,0.01270345,0.06052120,0.00053443,0.00019164
Oligoclase,0.00123948,0.00061403,0.50024080,0.08056018,0.01452011,0.49539165,0.00035913,0.07679123,0.02171325,0.04383048,0.44900881,0.04692993,0.82167832,0.00051455,0.09665463,0.00014406,0.27997198,0.56515281,0.00203670,0.01227131,0.04339878,0.00016677,0.00020296
Oligoclase,0.00134764,0.00066141,0.47143119,0.08758306,0.01489787,0.49078965,0.00037859,0.08513176,0.02220959,0.04525276,0.58213018,0.03005748,1.16205534,0.00057626,0.08366077,0.00016179,0.28076681,0.57207159,0.00146384,0.01270547,0.04870146,0.00025168,0.00021658
Oligoclase,0.01579333,0.00774153,0.58313305,0.06122609,0.01251003,0.49017732,0.00033340,0.06793051,0.01864217,0.03803148,0.31173928,0.16718021,0.46188341,0.01511316,0.12013168,0.00408407,0.27023240,0.55129520,0.00626086,0.01027734,0.03744976,0.00008490,0.00018380
Oligoclase,0.01430188,0.00713385,0.52150820,0.09390282,0.01798667,0.49880502,0.00049721,0.07444665,0.02695851,0.05404618,0.40093138,0.12521778,1.33333333,0.01330508,0.10298552,0.00368086,0.27665078,0.55462709,0.00517026,0.01495192,0.04129013,0.00036769,0.00027577
Oligoclase,0.00327119,0.00161612,0.51672589,0.07895011,0.01464651,0.49404776,0.00033669,0.06808639,0.02188259,0.04429246,0.36370761,0.11013387,0.01785714,0.00258969,0.10514905,0.00071865,0.27750217,0.56169098,0.00421191,0.01229125,0.03824351,0.00000338,0.00018912
Oligoclase,0.01240199,0.00606592,0.50836498,0.09330733,0.01718344,0.48910861,0.00066067,0.07734981,0.02558802,0.05231561,0.45155676,0.12139993,1.11111111,0.01105121,0.09625892,0.00303745,0.27485230,0.56194532,0.00527681,0.01437907,0.04346637,0.00041251,0.00037126
Oligoclase,0.02759315,0.01392698,0.58057778,0.08040199,0.01702658,0.50472616,0.00031095,0.07156626,0.02562035,0.05076089,0.32314706,0.24459485,3.79282869,0.02697708,0.11932526,0.00733626,0.27194438,0.53879589,0.00943148,0.01380414,0.03855961,0.00063544,0.00016754
Oligoclase,0.03051777,0.01547857,0.62038372,0.08439880,0.01924411,0.50719846,0.00033310,0.06828809,0.02900469,0.05718608,0.27717744,0.30845680,1.93632959,0.02986103,0.13048902,0.00802176,0.26863638,0.52964747,0.01115646,0.01536226,0.03616861,0.00034162,0.00017643
Oligoclase,0.00146138,0.00071923,0.49669267,0.08832575,0.01587178,0.49215877,0.00059350,0.07670344,0.02368321,0.04812109,0.45725339,0.06600747,0.13211845,0.00025547,0.09497937,0.00007119,0.27866126,0.56620195,0.00286668,0.01340948,0.04342964,0.00004440,0.00033604
Oligoclase,0.02750833,0.01397750,0.61540973,0.09291798,0.02123965,0.50811884,0.00018844,0.06965505,0.03203191,0.06304020,0.28659176,0.27505710,5.73652695,0.02713746,0.12879558,0.00730713,0.26926343,0.52992215,0.01015284,0.01697442,0.03691175,0.00057285,0.00009986
Oligoclase,0.03637206,0.01819881,0.60816103,0.07895711,0.01738650,0.50035141,0.00097411,0.07147817,0.02608586,0.05213507,0.30701564,0.20845215,1.35353535,0.03442522,0.12482440,0.00923503,0.26826357,0.53615032,0.00798852,0.01398594,0.03832304,0.00070691,0.00052227
Oligoclase,0.01253374,0.00613915,0.52043191,0.08136440,0.01515485,0.48980988,0.00091871,0.07956504,0.02257785,0.04609513,0.45375595,0.14388860,0.61786601,0.01065810,0.09820891,0.00292387,0.27433326,0.56008110,0.00641209,0.01264543,0.04456288,0.00031792,0.00051455
Oligoclase,0.00424841,0.00210287,0.48795724,0.10331669,0.01861506,0.49497832,0.00060814,0.08341114,0.02782911,0.05622289,0.52752760,0.09282203,1.79726652,0.00301979,0.08906632,0.00084197,0.27881800,0.56329335,0.00436124,0.01567595,0.04698494,0.00061568,0.00034256
Oligoclase,0.01470187,0.00738483,0.53014814,0.10123254,0.01996549,0.50230581,0.00052099,0.07586125,0.02999427,0.05971316,0.39835722,0.17951204,1.51913876,0.01366467,0.10461228,0.00377053,0.27593295,0.54933257,0.00748082,0.01647683,0.04167306,0.00043477,0.00028620
Oligoclase,0.01439124,0.00718583,0.53961028,0.09212341,0.01823509,0.49931990,0.00030635,0.07464616,0.02734024,0.05475495,0.38320961,0.14400394,3.01200000,0.01377770,0.10732600,0.00379044,0.27511402,0.55097749,0.00592265,0.01506386,0.04112835,0.00050841,0.00016879
Oligoclase,0.01555860,0.00782807,0.53698733,0.08783894,0.01730877,0.50313490,0.00050181,0.07413647,0.02601741,0.05171060,0.37816893,0.12016543,1.13729977,0.01456122,0.10791403,0.00403287,0.27695955,0.55046776,0.00490392,0.01432175,0.04080974,0.00031416,0.00027623
Oligoclase,0.01006594,0.00504527,0.54793924,0.07412419,0.01464619,0.50122177,0.00032817,0.06959381,0.02198718,0.04386717,0.33940702,0.09585277,0.00000000,0.00941121,0.11331197,0.00260676,0.27698482,0.55261929,0.00368639,0.01215054,0.03845888,0.00000000,0.00018135
Oligoclase,0.00130041,0.00063768,0.45750234,0.08948668,0.01479424,0.49036590,0.00062695,0.08809111,0.02204884,0.04496405,0.64652874,0.00673418,0.65036675,0.00002188,0.07837821,0.00000617,0.28207936,0.57524262,0.00034125,0.01268343,0.05067376,0.00023455,0.00036065
Oligoclase,0.01546068,0.00768262,0.56597989,0.05458218,0.01084706,0.49691354,0.00052696,0.07025499,0.01623712,0.03267594,0.33298086,0.14188860,0.01818182,0.01440022,0.11643585,0.00394892,0.27422663,0.55185984,0.00550115,0.00896061,0.03877091,0.00000529,0.00029081
Oligoclase,0.01484438,0.00741966,0.52609987,0.07760655,0.01475131,0.49982990,0.00063403,0.07737606,0.02212446,0.04426397,0.41693192,0.08162123,0.54878049,0.01357589,0.10315987,0.00377190,0.27783795,0.55586501,0.00351058,0.01229821,0.04301064,0.00019341,0.00035243
Oligoclase,0.00552307,0.00269000,0.48922615,0.08171005,0.01425777,0.48704734,0.00024564,0.07686152,0.02120198,0.04353167,0.47617403,0.08060310,2.26380368,0.00501872,0.09192358,0.00139203,0.27736703,0.56948680,0.00352813,0.01207425,0.04377162,0.00031668,0.00013989
Oligoclase,0.00660054,0.00326971,0.52355833,0.07674091,0.01441614,0.49536936,0.00052611,0.07010087,0.02155746,0.04351795,0.37040653,0.08168708,0.06198347,0.00553849,0.10600616,0.00153676,0.27746963,0.56012674,0.00320747,0.01207491,0.03926537,0.00001827,0.00029469
Oligoclase,0.03012098,0.01517579,0.58151864,0.08559222,0.01823652,0.50382775,0.00071770,0.07039318,0.02742459,0.05443247,0.31624299,0.28657131,0.43768116,0.02869648,0.11967957,0.00777358,0.27088968,0.53766327,0.01084610,0.01474519,0.03784783,0.00016889,0.00038588
Oligoclase,0.00161087,0.00077534,0.51069367,0.07168746,0.01281424,0.48131732,0.00077408,0.06808349,0.01898196,0.03943751,0.38308939,0.07491283,0.00000000,0.00000262,0.10144074,0.00000072,0.27472753,0.57078256,0.00291118,0.01083457,0.03886087,0.00000000,0.00044183
Oligoclase,0.00485110,0.00239610,0.54485010,0.06469772,0.01246088,0.49392913,0.00062383,0.06656497,0.01861567,0.03768895,0.32863091,0.10150544,0.00000000,0.00358811,0.11310625,0.00098965,0.27581249,0.55840499,0.00377298,0.01039508,0.03717021,0.00000000,0.00034835
Oligoclase,0.01098359,0.00548548,0.51506167,0.08887144,0.01673351,0.49942439,0.00050458,0.07628350,0.02509063,0.05023909,0.42157022,0.10665147,1.11407767,0.00997327,0.10075593,0.00277343,0.27808635,0.55681373,0.00453010,0.01397081,0.04247570,0.00031301,0.00028096
Oligoclase,0.01177630,0.00580983,0.53828284,0.07440706,0.01429545,0.49334929,0.00048478,0.06879330,0.02134810,0.04327177,0.34961600,0.20018270,0.00000000,0.01079368,0.10932537,0.00295863,0.27410732,0.55560497,0.00765136,0.01186111,0.03822190,0.00000000,0.00026934
Oligoclase,0.00429525,0.00213570,0.54136325,0.08202186,0.01606390,0.49722359,0.00041071,0.07088714,0.02405126,0.04837111,0.35748964,0.09576120,0.82000000,0.00346924,0.11017941,0.00095848,0.27627920,0.55564380,0.00377184,0.01336393,0.03938800,0.00018713,0.00022821
Oligoclase,0.02693301,0.01357888,0.57496546,0.09664296,0.02061741,0.50417241,0.00050281,0.07344652,0.03101213,0.06151096,0.33934644,0.33130568,2.71084337,0.02593572,0.11609204,0.00701378,0.27042923,0.53638244,0.01305193,0.01663436,0.03939542,0.00073111,0.00026970
Oligoclase,0.00177570,0.00088788,0.49298323,0.10822233,0.01994246,0.50001304,0.00043416,0.07241721,0.02991395,0.05982634,0.41599760,0.13067118,0.00600601,0.00090741,0.09742721,0.00025393,0.27984055,0.55966651,0.00529604,0.01674184,0.04052949,0.00000146,0.00024298
Oligoclase,0.01202746,0.00597095,0.57332707,0.06257424,0.01269610,0.49644317,0.00064631,0.06680196,0.01899900,0.03827023,0.30668095,0.16100349,0.00000000,0.01072558,0.11989388,0.00293079,0.27325250,0.55042051,0.00591997,0.01045744,0.03676917,0.00000000,0.00035574
Oligoclase,0.02007950,0.01013958,0.56467471,0.09268028,0.01935370,0.50497174,0.00033107,0.07132541,0.02912677,0.05768001,0.33357790,0.18818735,1.71428571,0.01942389,0.11599354,0.00532096,0.27393900,0.54248382,0.00728151,0.01580080,0.03869288,0.00030788,0.00017960
Oligoclase,0.00112798,0.00055682,0.44770666,0.10502307,0.01736337,0.49364550,0.00055522,0.09334061,0.02593472,0.05253714,0.73112117,0.02420575,4.86994220,0.00000325,0.07311559,0.00000092,0.28271178,0.57270204,0.00129395,0.01485287,0.05345636,0.00154851,0.00031797
Oligoclase,0.02257070,0.01145611,0.57271582,0.09277046,0.01971731,0.50756546,0.00045564,0.07124096,0.02972513,0.05856413,0.32463444,0.20588282,1.69172932,0.02167300,0.11830972,0.00593057,0.27363855,0.53911972,0.00790743,0.01602540,0.03840741,0.00041557,0.00024565
Oligoclase,0.00105562,0.00052770,0.43588792,0.11222665,0.01836482,0.49989511,0.00052609,0.10001775,0.02754531,0.05510217,0.84846743,0.03985285,6.48773006,0.00000323,0.06723482,0.00000092,0.28512232,0.57036429,0.00227347,0.01571086,0.05704655,0.00194671,0.00030006
Oligoclase,0.02450376,0.01237542,0.59776545,0.09453254,0.02094199,0.50504166,0.00029176,0.07068016,0.03151857,0.06240786,0.30568847,0.28345690,1.07600000,0.02392605,0.12356705,0.00645777,0.26990532,0.53442189,0.01070702,0.01684421,0.03777302,0.00016778,0.00015593
Oligoclase,0.02625202,0.01325156,0.58636726,0.09211185,0.01995645,0.50478238,0.00031040,0.07015842,0.03003012,0.05949122,0.31066993,0.22899325,2.92962963,0.02563711,0.12134667,0.00695378,0.27123860,0.53733770,0.00863276,0.01613632,0.03769876,0.00048862,0.00016679
Oligoclase,0.01549162,0.00774553,0.54166098,0.08475658,0.01671986,0.49998173,0.00064678,0.07435048,0.02507948,0.05016079,0.37843149,0.13500762,1.01506591,0.01419801,0.10828847,0.00391262,0.27557501,0.55117016,0.00553258,0.01382306,0.04097977,0.00036186,0.00035649
Oligoclase,0.00361349,0.00178924,0.55095468,0.06221430,0.01210480,0.49515507,0.00053898,0.06961535,0.01809855,0.03655127,0.34260762,0.10420325,0.00000000,0.00252498,0.11319263,0.00069648,0.27583627,0.55707048,0.00404107,0.01008217,0.03878066,0.00000000,0.00030025
Pigeonite,5.43855947,0.69537757,0.07819073,0.20022721,0.00221918,0.12786062,0.12582810,0.00999574,0.00250293,0.01957545,5631.00000000,0.00710353,0.00956492,4.45445584,0.00000097,0.31004104,0.06960245,0.54436191,0.00003865,0.00136250,0.00544130,0.00065516,0.06849602
Pigeonite,5.63928024,0.70938951,0.08877041,0.11128903,0.00124212,0.12579434,0.12036519,0.01116514,0.00139837,0.01111630,6659.00000000,0.06172098,0.00888740,4.68243919,0.00000091,0.31847625,0.06801503,0.54068437,0.00037260,0.00075608,0.00603682,0.00057839,0.06507957
Pigeonite,5.75148318,0.72970890,0.07306284,0.12725312,0.00119942,0.12687317,0.11150983,0.00926808,0.00135160,0.01065312,5664.00000000,0.17072740,0.01021322,4.87257532,0.00000088,0.33060108,0.06784935,0.53478093,0.00084619,0.00072281,0.00495639,0.00060905,0.05963333
Pigeonite,8.44834335,0.72522104,0.13006089,0.05501293,0.00059857,0.08584180,0.11383746,0.01102042,0.00064996,0.00757156,76.40000000,0.16815522,0.01873854,7.12221256,0.00007896,0.33466293,0.04698862,0.54738620,0.00101438,0.00035578,0.00603242,0.00116766,0.06231305
Pigeonite,5.99886331,0.76002460,0.23998295,0.27779362,0.01037991,0.12669477,0.10434887,0.01360616,0.01169499,0.09230842,0.80996607,0.93649394,0.02794710,5.17523918,0.00863905,0.33719897,0.06515621,0.51427703,0.00655296,0.00601447,0.00699733,0.00149976,0.05366423
Pigeonite,6.88553279,0.74547276,0.43254386,0.31499001,0.01943032,0.10826653,0.32228548,0.04682547,0.02153398,0.19889782,10281.00000000,0.00000000,0.09588615,3.90875437,0.00000233,0.21668509,0.05543584,0.51203119,0.00000000,0.01102607,0.02397610,0.01582315,0.16502022
Pigeonite,5.86184455,0.69872956,0.17780964,0.07674685,0.00157421,0.11919961,0.11140110,0.02047498,0.00176185,0.01478070,28.44292237,0.01372612,0.01290903,4.92726847,0.00039068,0.31874898,0.06469081,0.54270992,0.00015252,0.00095618,0.01111197,0.00078046,0.06045848
Pigeonite,5.85612770,0.72179355,0.12475473,0.09484417,0.00143440,0.12325441,0.10880599,0.01466085,0.00161119,0.01307207,20.48401826,0.12795363,0.01293065,4.97335207,0.00038370,0.32862353,0.06607687,0.53610146,0.00100568,0.00086376,0.00785970,0.00075426,0.05833105
Pigeonite,5.59036610,0.68886051,0.11367789,0.07649493,0.00103299,0.12322279,0.15026409,0.01400554,0.00116027,0.00941606,6470.00000000,0.00000000,0.01012735,4.37091561,0.00000118,0.29451244,0.06738003,0.54681471,0.00000000,0.00063446,0.00765844,0.00083213,0.08216662
Pigeonite,4.99866535,0.73251735,0.46187627,0.07273435,0.00463057,0.14654259,0.09292745,0.04088644,0.00530915,0.03622939,1.52572101,0.27069671,0.01743160,4.36453266,0.01363951,0.32553390,0.07458620,0.50897285,0.00563322,0.00270221,0.02081009,0.00082447,0.04729755
Pigeonite,5.63628913,0.69972215,0.13386187,0.04808339,0.00074673,0.12414589,0.13211756,0.01661644,0.00083943,0.00676166,8492.00000000,0.01707489,0.02313389,4.57207704,0.00000106,0.30770047,0.06729993,0.54210356,0.00015381,0.00045506,0.00900783,0.00165688,0.07162140
Pigeonite,6.49500879,0.69190602,0.15066494,0.11087191,0.00180873,0.10652888,0.12718248,0.01562621,0.00200141,0.01878752,36.85833333,0.02306127,0.01116698,5.30113090,0.00023316,0.31058339,0.05858814,0.54997421,0.00019819,0.00110073,0.00859402,0.00078110,0.06994708
Pigeonite,5.12882421,0.67949497,0.33164690,0.02768293,0.00110463,0.13248552,0.10930599,0.04393675,0.00125098,0.00944235,26482.00000000,0.02518692,0.02422513,4.30378320,0.00000089,0.30640092,0.07119339,0.53736733,0.00059467,0.00067223,0.02361018,0.00142292,0.05873747
Pigeonite,4.87455140,0.72490355,0.28475275,0.22947623,0.01097878,0.14871185,0.11437114,0.01251929,0.01261145,0.08480464,0.41973268,1.21314843,0.01997714,4.10547252,0.01532689,0.31372977,0.07641746,0.51386259,0.00780442,0.00648055,0.00643320,0.00117408,0.05877105
Pigeonite,5.70432118,0.72183378,0.06355775,0.15737647,0.00133340,0.12654157,0.11933638,0.00804102,0.00150213,0.01187066,4791.00000000,0.08390733,0.00985894,4.76126054,0.00000090,0.32396315,0.06804147,0.53770049,0.00036279,0.00080770,0.00432366,0.00063262,0.06416723
Pigeonite,5.39609821,0.68080316,0.18017631,0.11590770,0.00264638,0.12616582,0.15671968,0.02272984,0.00298026,0.02362177,10075.00000000,0.00000000,0.03557136,4.15392593,0.00000123,0.28509819,0.06863343,0.54399385,0.00000000,0.00162124,0.01236489,0.00303262,0.08525455
Pigeonite,5.34520001,0.66513012,0.13022392,0.15292538,0.00260170,0.12443503,0.15044941,0.01620228,0.00292544,0.02350979,7571.00000000,0.00000000,0.01108077,4.13614006,0.00000118,0.28429711,0.06873488,0.55237568,0.00000000,0.00161594,0.00894974,0.00092086,0.08310460
Pigeonite,6.31789528,0.70650405,0.07819786,0.12508498,0.00112445,0.11182586,0.11932191,0.00874285,0.00125019,0.01117980,5147.00000000,0.14882456,0.00770151,5.25086203,0.00000093,0.32076907,0.06108884,0.54628547,0.00071080,0.00068296,0.00477609,0.00050201,0.06518382
Pigeonite,5.71723301,0.69351045,0.08395458,0.14000296,0.00147853,0.12130177,0.12527646,0.01018209,0.00165788,0.01366736,5810.00000000,0.02185886,0.01159700,4.68446602,0.00000096,0.31079411,0.06634569,0.54694741,0.00012173,0.00090677,0.00556907,0.00079462,0.06851964
Pigeonite,5.51431462,0.67838166,0.13987626,0.29432708,0.00639095,0.12302194,0.15841292,0.01166001,0.00717717,0.05834059,2.10172144,0.52866716,0.00897000,4.22663436,0.00302603,0.28361305,0.06710139,0.54544249,0.00336225,0.00391474,0.00635987,0.00077505,0.08640514
Pigeonite,4.39206653,0.68876281,0.36429080,0.19148240,0.01169561,0.15681976,0.10417084,0.03116668,0.01352971,0.08627552,1.20050460,0.36444554,0.04020491,3.72779539,0.01343902,0.30261720,0.08117860,0.51765541,0.00587982,0.00700373,0.01613360,0.00216803,0.05392460
Pigeonite,5.82132747,0.70091333,0.10324310,0.12811884,0.00163036,0.12040438,0.12672160,0.01242927,0.00182667,0.01517109,7512.00000000,0.04858892,0.06363921,4.76886079,0.00000090,0.31134266,0.06528659,0.54222769,0.00032747,0.00099047,0.00673949,0.00437278,0.06871196
Pigeonite,5.67772915,0.68116189,0.12928519,0.14840518,0.00241343,0.11997083,0.17092854,0.01547885,0.00270297,0.02253019,489.84615380,0.00000000,0.00922924,4.25297836,0.00001735,0.28020579,0.06588460,0.54917184,0.00000000,0.00148439,0.00850055,0.00086634,0.09386914
Pigeonite,5.77065939,0.69244384,0.11628918,0.12160326,0.00172479,0.11999389,0.12847456,0.01395219,0.00193176,0.01609881,7757.00000000,0.00012892,0.02024416,4.69998351,0.00000098,0.30802405,0.06553726,0.54617168,0.00000098,0.00105507,0.00762029,0.00142052,0.07016917
Pigeonite,7.45097084,0.69458285,0.15860533,0.12233633,0.00188516,0.09322045,0.15541932,0.01478310,0.00206090,0.02210778,6836.00000000,0.00000000,0.03665002,5.78374742,0.00000119,0.29782354,0.05149318,0.55238073,0.00000000,0.00113840,0.00816590,0.00314643,0.08585063
Pigeonite,5.70928708,0.76468245,0.26844056,0.24981507,0.01055866,0.13393659,0.10465611,0.01199480,0.01197285,0.08939195,0.50063416,1.19197748,0.02556782,4.92790158,0.01220218,0.33614457,0.06821252,0.50928963,0.00728159,0.00609765,0.00610883,0.00136277,0.05330027
Pigeonite,5.56918347,0.69988912,0.07711714,0.15178165,0.00154060,0.12567177,0.12496838,0.00968971,0.00173420,0.01379947,5593.00000000,0.01430359,0.01099358,4.57478046,0.00000094,0.31271202,0.06835564,0.54392198,0.00007539,0.00094327,0.00527045,0.00074727,0.06797305
Pigeonite,6.00768551,0.71720280,0.23163321,0.05517019,0.00144248,0.11938088,0.10544994,0.02647383,0.00161468,0.01352545,22.45927904,0.06580668,0.01190956,5.12437877,0.00063074,0.32734206,0.06387936,0.53508872,0.00093221,0.00086400,0.01416585,0.00067200,0.05642507
Pigeonite,4.85578129,0.69920660,0.24782828,0.02724094,0.00087355,0.14399467,0.10745117,0.03101673,0.00099934,0.00694013,6.64280550,0.03826059,0.01368357,4.10956495,0.00248027,0.31433824,0.07648942,0.53119620,0.00063038,0.00053085,0.01647597,0.00078103,0.05707765
Pigeonite,5.91467497,0.70226204,0.13507988,0.11129627,0.00179538,0.11873214,0.15651651,0.01600180,0.00200855,0.01691665,438.17647060,0.00013425,0.01317595,4.59644298,0.00001984,0.29642274,0.06448959,0.54315194,0.00000117,0.00109095,0.00869141,0.00112012,0.08501225
Pigeonite,4.73893951,0.72822921,0.18113953,0.22022684,0.00681429,0.15366924,0.12298825,0.01184840,0.00786144,0.05115820,0.74111854,1.00854295,0.01218509,3.93859553,0.00827904,0.31342686,0.07957833,0.51785467,0.00618816,0.00407108,0.00613575,0.00077607,0.06369004
Pigeonite,5.94440744,0.70279259,0.26097761,0.22930852,0.00820978,0.11822753,0.21396899,0.03002181,0.00918040,0.07765025,36.04363636,0.00000000,0.04924693,4.13460061,0.00044504,0.26118056,0.06316948,0.53430433,0.00000000,0.00490513,0.01604078,0.00563013,0.11432455
Pigeonite,7.69881482,0.79998169,0.25474732,0.21322629,0.00649865,0.10390972,0.32490958,0.02500115,0.00717392,0.06903996,17.01246106,0.00000000,0.00614344,4.57196986,0.00075770,0.24494160,0.05357463,0.51558827,0.00000000,0.00369879,0.01289030,0.00102915,0.16751957
Pigeonite,6.04294104,0.72091083,0.07375305,0.11686768,0.00104025,0.11929801,0.12079913,0.00879690,0.00116435,0.00975997,5198.00000000,0.22566372,0.00924642,5.03035806,0.00000091,0.32381166,0.06437149,0.53958566,0.00107115,0.00062826,0.00474668,0.00060270,0.06518148
Palygorskite,0.98472549,0.25237373,0.11207948,0.34784748,0.01219566,0.25628841,0.00062071,0.01074099,0.01532127,0.05978136,0.59726287,1.70485661,0.97506234,0.98230356,0.01144273,0.16018643,0.16307222,0.63628404,0.01165153,0.00974868,0.00683432,0.00038510,0.00039495
Palygorskite,0.94718437,0.19122442,0.07465931,0.48338074,0.01173405,0.20188722,0.00060368,0.00797181,0.01410300,0.06985584,1.12263849,1.37107815,0.79661017,0.94419417,0.00495289,0.13295736,0.14081570,0.69749683,0.00762362,0.00983680,0.00556031,0.00033543,0.00042107
Palygorskite,0.99188034,0.25362716,0.08342330,0.39382218,0.01103664,0.25570339,0.00089529,0.00439592,0.01385875,0.05419853,0.25956532,4.43000436,0.84796574,0.98837907,0.01082324,0.16151540,0.16341443,0.63907808,0.01244537,0.00885682,0.00280934,0.00048517,0.00057216
Palygorskite,0.96461216,0.23085451,0.05106600,0.48742174,0.00937729,0.23932366,0.00071786,0.01105562,0.01162150,0.04855976,9.48428405,0.84607831,0.62003781,0.96161261,0.00077515,0.15303471,0.15914382,0.66497320,0.00622011,0.00772799,0.00735169,0.00029598,0.00047736
Palygorskite,0.79620318,0.20045642,0.04016590,0.52512385,0.00893330,0.25176542,0.00110231,0.00493025,0.01118240,0.04441594,0.95139177,2.85458515,0.44335938,0.79182487,0.00348244,0.13396742,0.16918819,0.67200727,0.00945770,0.00751465,0.00331316,0.00032842,0.00074076
Palygorskite,0.95151490,0.24169523,0.09091060,0.34251332,0.00959304,0.25401098,0.00063713,0.01140316,0.01202978,0.04735927,0.97553517,1.68246358,1.00660066,0.94900662,0.00753819,0.15545566,0.16380883,0.64488877,0.01237245,0.00775787,0.00735377,0.00041359,0.00041088
Palygorskite,0.83842947,0.17259667,0.01610245,0.36665365,0.00159139,0.20585711,0.00141012,0.00331276,0.00191899,0.00932195,1621.00000000,3.18815546,0.06666667,0.83157947,0.00000147,0.12277218,0.14763733,0.71718356,0.00757460,0.00137627,0.00237586,0.00006742,0.00101132
Palygorskite,0.88197903,0.21635945,0.05953837,0.39852887,0.00777108,0.24531133,0.00057336,0.01452149,0.00967742,0.03944954,172.97872340,0.66875769,1.06853583,0.87964177,0.00005611,0.14421527,0.16394773,0.66832516,0.00649034,0.00646766,0.00970508,0.00040945,0.00038319
Palygorskite,0.93978068,0.22557491,0.00488423,0.56256572,0.00121588,0.24002931,0.00200372,0.00096382,0.00150772,0.00628141,4.62162162,16.90935673,0.06329114,0.93143287,0.00014046,0.15058254,0.16166762,0.67353284,0.01097689,0.00101550,0.00064916,0.00008542,0.00134957
Palygorskite,0.88441585,0.19598829,0.03164488,0.59823667,0.00854772,0.22160197,0.00068345,0.00511610,0.01044191,0.04712010,2.69769292,2.29902684,0.99558499,0.88133170,0.00131018,0.13492681,0.15309425,0.69085239,0.00812584,0.00721382,0.00353447,0.00047008,0.00047217
Palygorskite,0.91647115,0.22717274,0.11900662,0.25523979,0.00810156,0.24787768,0.00056752,0.01286994,0.01010975,0.04078524,0.77393880,1.58928571,1.41735537,0.91418165,0.01082685,0.14753735,0.16138735,0.65107658,0.01331713,0.00658222,0.00837932,0.00052371,0.00036950
Palygorskite,0.91480378,0.23983306,0.16999234,0.29245651,0.01459490,0.26216886,0.00203540,0.00922401,0.01842123,0.07026475,0.26098762,5.09460440,1.82785088,0.90704010,0.02187450,0.14717908,0.16226304,0.61892567,0.02908496,0.01140137,0.00570897,0.00230265,0.00125976
Palygorskite,0.89586420,0.22130600,0.01689169,0.19034091,0.00078664,0.24703075,0.00186823,0.00380381,0.00098097,0.00397103,10.30952381,4.68668206,0.16614420,0.88830147,0.00024735,0.14711293,0.16561149,0.67040839,0.01195153,0.00065765,0.00255010,0.00020809,0.00125248
Palygorskite,0.90351040,0.22381449,0.00442798,0.69908467,0.00204235,0.24771656,0.00196438,0.00022522,0.00254828,0.01028706,0.25837321,163.66666670,0.09978769,0.89558044,0.00057641,0.14670370,0.16380851,0.66127395,0.02437477,0.00168511,0.00014893,0.00012962,0.00129900
Palygorskite,0.82271705,0.17882098,0.00014237,0.90990991,0.00025674,0.21735417,0.00124710,0.00002785,0.00031255,0.00143797,9.00000000,782.33333330,0.36972705,0.81697941,0.00000218,0.12516059,0.15319919,0.70483669,0.01535744,0.00022030,0.00001963,0.00032499,0.00087900
Palygorskite,0.83522550,0.18365818,0.01603748,0.18752908,0.00066724,0.21989053,0.00151078,0.00352447,0.00081396,0.00370166,1745.00000000,0.55128940,0.64839572,0.82835492,0.00000143,0.12910823,0.15586100,0.70881179,0.00137722,0.00057695,0.00249819,0.00069434,0.00107086
Palygorskite,0.88959807,0.22042009,0.02266093,0.28734440,0.00181435,0.24777492,0.00259900,0.00123820,0.00226390,0.00913694,0.28291317,21.00660066,0.16509434,0.87910874,0.00291286,0.14497117,0.16490698,0.66555157,0.01731125,0.00150675,0.00082409,0.00028557,0.00172977
Palygorskite,0.87084018,0.21501838,0.01321811,0.44183865,0.00207193,0.24690911,0.00254512,0.00324722,0.00258351,0.01046341,197.33333330,8.73479730,0.10991379,0.86053228,0.00001100,0.14198789,0.16500007,0.66826239,0.01895445,0.00172646,0.00216999,0.00018694,0.00170081
Palygorskite,1.03232759,0.26921708,0.16720546,0.30770375,0.01537216,0.26078648,0.00069318,0.00651404,0.01938101,0.07431753,0.17562380,5.48892724,4.47027027,1.02966954,0.02272944,0.16455250,0.15981098,0.61280394,0.02191087,0.01187676,0.00399183,0.00189890,0.00042479
Palygorskite,1.00563969,0.24713939,0.08469024,0.44421945,0.01335350,0.24575342,0.00044099,0.00763451,0.01663517,0.06769048,0.57932011,1.68811125,1.66402116,1.00384524,0.00853544,0.15978262,0.15917058,0.64768407,0.00834729,0.01077433,0.00494475,0.00047528,0.00028562
Palygorskite,0.93416182,0.23793865,0.12739383,0.33750233,0.01317471,0.25470817,0.00163050,0.00723476,0.01653041,0.06489942,0.28694003,4.53352219,1.93854749,0.92776039,0.01598233,0.14979106,0.16145446,0.63388018,0.02079060,0.01047830,0.00458597,0.00200357,0.00103354
Palygorskite,0.81716720,0.18280088,0.01242498,0.06432247,0.00015614,0.22370070,0.00115918,0.00277693,0.00019107,0.00085415,1090.00000000,0.87064220,0.58021978,0.81198538,0.00000180,0.12859021,0.15836518,0.70793332,0.00171158,0.00013527,0.00196588,0.00047614,0.00082062
Palygorskite,0.85292161,0.19867035,0.04991010,0.37917925,0.00575907,0.23292920,0.00069728,0.01162343,0.00710053,0.03048364,5551.00000000,0.56620429,1.45645646,0.84992808,0.00000144,0.13579123,0.15976790,0.68590756,0.00451412,0.00487031,0.00797260,0.00069658,0.00047827
Palygorskite,0.93797580,0.22080878,0.00674560,0.82362526,0.00600243,0.23540989,0.00042297,0.00158676,0.00741547,0.03150023,1298.00000000,1.77503852,1.30635838,0.93617905,0.00000083,0.15006614,0.16029640,0.68092467,0.00191786,0.00504937,0.00108046,0.00037625,0.00028801
Palygorskite,0.66060783,0.05514395,0.08407400,0.54497707,0.00775786,0.08347456,0.00054776,0.00701675,0.00840545,0.10069471,5457.00000000,0.21073850,0.74413146,0.65404581,0.00000111,0.04723146,0.07221431,0.86510556,0.00127923,0.00727160,0.00607023,0.00035262,0.00047387
Palygorskite,0.79494121,0.17035383,0.00685097,0.45000000,0.00098922,0.21429739,0.00098058,0.00146542,0.00120121,0.00560534,538.00000000,0.61524164,0.75000000,0.79036543,0.00000196,0.12194271,0.15428649,0.71996439,0.00064911,0.00086483,0.00105505,0.00052949,0.00070598
Palygorskite,0.96397643,0.24873727,0.11874626,0.32039689,0.01148247,0.25803253,0.00139275,0.00736701,0.01444533,0.05598258,0.31654199,3.01346096,2.87816456,0.95857887,0.01474806,0.15673920,0.16351205,0.63368776,0.01406799,0.00915383,0.00466838,0.00254017,0.00088257
Palygorskite,0.79249673,0.19859018,0.02971728,0.65052181,0.01108401,0.25058802,0.00292654,0.00599991,0.01386153,0.05531600,4.14679803,1.48942742,0.21821724,0.78081802,0.00097758,0.13219966,0.16930918,0.67564756,0.00603788,0.00936551,0.00405383,0.00043148,0.00197731
Palygorskite,0.78253504,0.16542226,0.02802022,0.57431613,0.00659691,0.21139279,0.00128816,0.00592140,0.00799145,0.03780380,3158.00000000,0.00000000,1.63609898,0.77644137,0.00000135,0.11784155,0.15177134,0.71795894,0.00000000,0.00573753,0.00425132,0.00151314,0.00092484
Palygorskite,1.01255936,0.24619989,0.06865491,0.48870525,0.01283490,0.24314613,0.00040293,0.00706300,0.01595566,0.06562167,0.73342305,1.64136781,1.20175439,1.01090222,0.00627753,0.16022517,0.15849720,0.65185987,0.00755699,0.01040085,0.00460408,0.00031564,0.00026265
Palygorskite,0.88560359,0.20926843,0.04124694,0.61666746,0.01268258,0.23630034,0.00121668,0.00851312,0.01567947,0.06635400,6.90136719,0.68204330,0.43267327,0.88045473,0.00083498,0.14082980,0.15995121,0.67689791,0.00393029,0.01061340,0.00576252,0.00035634,0.00082357
Palygorskite,0.90364344,0.20949449,0.03664303,0.52858037,0.00773247,0.23183313,0.00119608,0.00805178,0.00952511,0.04108608,18.16363636,1.13093093,0.82075472,0.89848422,0.00030167,0.14175403,0.15777020,0.68053345,0.00619694,0.00648216,0.00547950,0.00066807,0.00081397
Palygorskite,0.93376687,0.22858033,0.14728889,0.34056882,0.01495920,0.24479379,0.00059767,0.02552969,0.01862112,0.07606859,2.42545748,0.88161544,2.05687204,0.93132536,0.00678297,0.14691618,0.15774957,0.64441820,0.01450416,0.01199979,0.01645179,0.00079220,0.00038515
Palygorskite,0.88556823,0.21373321,0.01226897,0.76968504,0.00797176,0.24135149,0.00044291,0.00295955,0.00989576,0.04100144,1871.00000000,2.71886692,2.39285714,0.88373312,0.00000107,0.14440310,0.16340125,0.67702605,0.00544778,0.00669969,0.00200370,0.00071752,0.00029986
Palygorskite,0.80590077,0.17649381,0.00705815,0.39314845,0.00082150,0.21900191,0.00091415,0.00154367,0.00100141,0.00457262,743.00000000,0.00134590,0.62272727,0.80172659,0.00000149,0.12553830,0.15658493,0.71499344,0.00000149,0.00071600,0.00110372,0.00040702,0.00065361
Spinel,0.55039392,566.34466020,0.00342030,0.73335785,0.00939786,1028.98058300,171.12621360,3.51456311,9.67961165,0.00940699,724.00000000,0.05662983,0.02972881,0.38408737,0.00000301,0.24474600,0.63721438,0.00061927,0.00012325,0.00599427,0.00217646,0.00315045,0.10597293
Spinel,0.45192752,23.13535258,0.00000132,0.99983375,0.00779035,51.19261713,2.12865932,0.00000000,0.40659861,0.00794252,0.00000000,65535.00000000,0.00285850,0.41034615,0.00000089,0.27704415,0.67514743,0.01318838,0.00110297,0.00536238,0.00000000,0.00008025,0.02807356
Spinel,0.45268103,72.14235774,0.00000122,0.99883586,0.00103908,159.36686740,6.32375219,0.00000000,0.16663430,0.00104560,0.00000000,65535.00000000,0.00555880,0.41300056,0.00000083,0.28176555,0.68224012,0.00428094,0.00377711,0.00071335,0.00000000,0.00015049,0.02707161
Spinel,0.46403449,563.28548390,0.00000133,0.99932203,0.00195691,1213.88709700,61.93064516,0.00000000,2.37741936,0.00195852,0.00000000,65535.00000000,0.00648488,0.41301604,0.00000090,0.28094874,0.68023688,0.00056038,0.00199115,0.00133226,0.00000000,0.00022506,0.03470464
Spinel,0.44758107,275.10305080,0.00000110,0.99874214,0.00087438,614.64406780,22.96067797,0.00000000,0.53830509,0.00087580,0.00000000,65535.00000000,0.00543302,0.41022502,0.00000076,0.28235257,0.68828705,0.00111981,0.00178563,0.00060280,0.00000000,0.00013969,0.02571169
Spinel,0.45493227,380.67543860,0.00000233,0.99839872,0.00145075,836.77387910,34.57407407,0.00097466,1.21539961,0.00145248,1.00000000,1101.00000000,0.00146590,0.41361397,0.00000080,0.28350596,0.68543613,0.00081914,0.00087902,0.00099558,0.00000080,0.00004152,0.02832106
Spinel,0.45425698,262.95836220,0.00000120,0.99900498,0.00120153,578.87578070,23.47189452,0.00000000,0.69673838,0.00120361,0.00000000,65535.00000000,0.00496703,0.41370960,0.00000082,0.28377857,0.68593664,0.00118495,0.00032235,0.00082560,0.00000000,0.00013815,0.02781293
Spinel,0.46179555,784.08433730,0.00000284,0.99914566,0.00331752,1697.90361400,90.59036145,0.00240964,5.63614458,0.00331947,1.00000000,1119.00000000,0.00710201,0.40844131,0.00000097,0.27829161,0.68135030,0.00040129,0.00108203,0.00226172,0.00000097,0.00025818,0.03635293
Spinel,0.45533209,532.89443650,0.00000122,0.99919936,0.00151989,1170.34236800,49.69900143,0.00000000,1.78031384,0.00152119,0.00000000,65535.00000000,0.00800827,0.41286674,0.00000084,0.28310655,0.68570927,0.00058591,0.00020227,0.00104310,0.00000000,0.00023319,0.02911889
Spinel,0.44068254,70.37905418,0.00036986,0.48006380,0.00033937,159.70465660,5.63362928,0.00000000,0.05453887,0.00034150,0.00000000,65535.00000000,0.00447060,0.40540725,0.00025265,0.27693195,0.68309570,0.00427724,0.01100505,0.00023328,0.00000000,0.00010773,0.02409640
Spinel,0.46379202,250.58378380,0.00009004,0.96400000,0.00240665,540.29343630,29.10115830,0.02393822,1.30270270,0.00241110,0.96875000,221.83870970,0.01316139,0.40993025,0.00003093,0.27722684,0.67627807,0.00125169,0.00664699,0.00163058,0.00002996,0.00047941,0.03642553
Spinel,0.45326161,1033.39513700,0.00002266,0.99069003,0.00241065,2279.90881500,105.43161090,0.04863222,5.49848024,0.00241171,16.00000000,189.81250000,0.00648658,0.40701783,0.00000091,0.27868706,0.68470480,0.00030032,0.00277227,0.00165131,0.00001461,0.00020539,0.03166334
Spinel,0.41361342,10.62098054,0.00045509,0.89171746,0.00360721,25.67852030,1.32678095,0.01164726,0.09623496,0.00374768,301.00000000,7.76744186,0.02239851,0.36194452,0.00000103,0.24766298,0.68425676,0.02664705,0.00241074,0.00256438,0.00031037,0.00079190,0.03535480
Spinel,0.54976442,122515.00000000,0.00979583,0.42141532,0.00713481,222850.00000000,38174.00000000,2182.00000000,1590.00000000,0.00713484,2182.00000000,0.00000000,0.11780269,0.37846534,0.00000283,0.23849665,0.63016774,0.00000283,0.00000000,0.00449615,0.00617019,0.01271647,0.10794716
Spinel,0.45427649,38.60909343,0.00097697,0.80652455,0.00402525,84.99029665,4.91627391,0.08289437,0.34613252,0.00407261,598.00000000,2.85284281,0.01821463,0.39643137,0.00000111,0.26878011,0.67799909,0.00797737,0.00188653,0.00276123,0.00066128,0.00071436,0.03921894
Spinel,0.51755408,139.33069980,0.00302700,0.75836680,0.00946509,269.20993230,36.90406321,0.81376975,2.55756208,0.00950025,721.00000000,0.05547850,0.01749396,0.38047124,0.00000273,0.24764431,0.65088838,0.00241777,0.00010916,0.00618360,0.00196751,0.00156091,0.08922563
Spinel,0.46048738,540.61360120,0.00002238,0.99185043,0.00272156,1174.00309100,60.28902628,0.02472952,3.19783617,0.00272387,16.00000000,90.00000000,0.01343349,0.40913400,0.00000090,0.27895416,0.68181614,0.00058076,0.00129258,0.00185718,0.00001436,0.00047035,0.03501356
Spinel,0.46411884,67.87405845,0.00036260,0.85160202,0.00206671,146.24284420,8.97077433,0.05272673,0.30430853,0.00208084,175.00000000,18.48000000,0.02250286,0.40277721,0.00000139,0.27188160,0.67501735,0.00461573,0.00449752,0.00140461,0.00024337,0.00093177,0.04140666
Spinel,0.45014832,61.15169853,0.00387143,0.09811321,0.00041808,135.84788890,4.42772659,0.00000000,0.05721359,0.00042116,0.00000000,65535.00000000,0.00761011,0.41755505,0.00259418,0.27979675,0.67008351,0.00493260,0.02030433,0.00028221,0.00000000,0.00016621,0.02184021
Spinel,0.47600688,215.75057920,0.00004089,0.98557692,0.00278791,453.25096530,29.00154440,0.01776062,1.26640927,0.00279406,23.00000000,143.13043480,0.01387225,0.41202126,0.00000115,0.27698084,0.67224889,0.00148317,0.00377035,0.00187830,0.00002634,0.00059670,0.04301426
Spinel,0.43952992,29.90743322,0.00076640,0.84415134,0.00409104,68.04413473,4.24192799,0.05203252,0.28246225,0.00415116,448.00000000,1.96651786,0.01453878,0.37718909,0.00000117,0.25807401,0.68420327,0.01005529,0.00102889,0.00284024,0.00052320,0.00062013,0.04265380
Spinel,0.45907805,1456.95744700,0.00008984,0.95248227,0.00180016,3173.65957400,153.72340430,0.28085106,5.71489362,0.00180073,66.00000000,0.95454546,0.00744637,0.41064078,0.00000092,0.28092815,0.68412141,0.00021556,0.00005779,0.00123192,0.00006054,0.00024675,0.03313697
Spinel,0.44564957,39.34824631,0.00182142,0.07718696,0.00015064,88.29414109,2.98614986,0.00000000,0.01345157,0.00015235,0.00000000,65535.00000000,0.00470486,0.41182910,0.00122983,0.27806733,0.67520078,0.00764718,0.01480897,0.00010287,0.00000000,0.00010744,0.02283561
Spinel,0.44979632,383.69870610,0.00000108,0.99890949,0.00099125,853.04990760,32.95009242,0.00000000,0.84658041,0.00099242,0.00000000,65535.00000000,0.00330977,0.41117010,0.00000074,0.28174817,0.68523508,0.00080328,0.00497705,0.00068004,0.00000000,0.00008760,0.02646804
Spinel,0.45400148,514.52933830,0.00000110,0.99890471,0.00100375,1133.32084900,43.01872659,0.00000000,1.13857678,0.00100464,0.00000000,65535.00000000,0.00687794,0.41604336,0.00000075,0.28488327,0.68474417,0.00060419,0.00290933,0.00068792,0.00000000,0.00017877,0.02599160
Spinel,0.45678481,307.47512620,0.00000107,0.99798387,0.00052940,673.12905550,25.05263158,0.00000000,0.35688536,0.00053019,0.00000000,65535.00000000,0.00328076,0.41956664,0.00000073,0.28566428,0.68085556,0.00101148,0.00668363,0.00036098,0.00000000,0.00008314,0.02534020
Spinel,0.45387743,220.20828730,0.00018562,0.84694836,0.00102504,485.17127070,19.07569061,0.08950276,0.49834254,0.00102715,162.00000000,22.69135802,0.01361254,0.41455999,0.00000078,0.28358149,0.68405416,0.00140992,0.00286347,0.00070263,0.00012619,0.00036611,0.02689526
Spinel,0.44087888,33.83566124,0.00000115,0.99930748,0.00164078,76.74593352,2.70058345,0.00000000,0.12756365,0.00166216,0.00000000,65535.00000000,0.02022980,0.40569026,0.00000079,0.27694079,0.68264096,0.00889482,0.00588086,0.00113466,0.00000000,0.00048594,0.02402119
Spinel,0.46303853,297.75719840,0.00000121,0.99920382,0.00151642,643.05058370,29.49260700,0.00000000,0.97665370,0.00151878,0.00000000,65535.00000000,0.01248087,0.41717494,0.00000082,0.28428194,0.68144539,0.00105971,0.00053357,0.00103497,0.00000000,0.00039007,0.03125353
Spinel,0.44335610,24.60512506,0.00462543,0.07874174,0.00038835,55.49743189,1.69422733,0.00000000,0.02194060,0.00039534,0.00000000,65535.00000000,0.00112037,0.41282807,0.00308300,0.27516372,0.66653346,0.01201017,0.02257539,0.00026351,0.00000000,0.00002280,0.02034795
Spinel,0.44548104,125.73498690,0.00000116,0.99901381,0.00116723,282.24543080,10.93407311,0.00000000,0.33061358,0.00117137,0.00000000,65535.00000000,0.01044714,0.40674144,0.00000079,0.27942969,0.68699586,0.00243404,0.00344292,0.00080473,0.00000000,0.00027804,0.02661394
Spinel,0.45550297,213.08323700,0.00000124,0.99827288,0.00071268,467.79768790,18.50520231,0.00000000,0.33410405,0.00071421,0.00000000,65535.00000000,0.00646592,0.41594484,0.00000084,0.28426974,0.68343134,0.00146096,0.00313894,0.00048811,0.00000000,0.00017481,0.02703527
Spinel,0.44929160,38.89946271,0.00152199,0.22204301,0.00042944,86.57954649,2.86813587,0.00000000,0.03761042,0.00043440,0.00000000,65535.00000000,0.00377838,0.41616442,0.00102498,0.28026467,0.67344697,0.00777836,0.01479879,0.00029255,0.00000000,0.00008429,0.02230940
Spinel,0.45512232,367.12049340,0.00000235,0.99846035,0.00152364,806.64136620,33.55313093,0.00094877,1.23055029,0.00152552,1.00000000,520.00000000,0.00438286,0.41352623,0.00000081,0.28349271,0.68554952,0.00084988,0.00041930,0.00104582,0.00000081,0.00012498,0.02851618
Spinel,0.60804286,74.48525074,0.03333333,0.58368421,0.04635568,122.50000000,26.45501475,4.08259587,5.72492625,0.04673409,5536.00000000,0.03106936,0.22574081,0.39208356,0.00000345,0.22455333,0.57271806,0.00467525,0.00059303,0.02676546,0.01908715,0.02792048,0.12368379
Spinel,0.45385255,323.06852790,0.00000119,0.99896158,0.00114174,711.83587140,29.46446701,0.00000000,0.81387479,0.00114335,0.00000000,65535.00000000,0.00341689,0.41246033,0.00000081,0.28254144,0.68501482,0.00096232,0.00224623,0.00078321,0.00000000,0.00009688,0.02835428
Spinel,0.47159598,221.66557380,0.00040806,0.91795231,0.00455574,470.03278690,29.23114754,0.19098361,2.14590164,0.00456543,233.00000000,4.96137339,0.01141271,0.40940639,0.00000118,0.27636029,0.67502681,0.00143613,0.00136079,0.00308179,0.00027428,0.00047910,0.04197964
Titanite,0.17636679,0.02621061,4.76906812,0.00045592,0.00028145,0.14861419,0.01409097,0.69435276,0.00032328,0.00217530,48.22421102,0.00895032,32.80603241,0.08155101,0.00612078,0.00515207,0.06317602,0.42510088,0.00264186,0.00013743,0.29516997,0.19651089,0.00599008
Titanite,0.11727079,0.01914242,4.34099503,0.00008840,0.00005386,0.16323263,0.01191935,0.70673813,0.00006265,0.00038380,381.21401750,0.00966545,37.58808643,0.04425018,0.00079028,0.00307904,0.06958251,0.42627815,0.00291188,0.00002671,0.30126703,0.19098345,0.00508096
Titanite,0.19825661,0.03320865,4.14728672,0.00156420,0.00093218,0.16750338,0.01639027,0.67609284,0.00108833,0.00649735,36.36528906,0.01424763,26.95765741,0.10040625,0.00791824,0.00716298,0.07133994,0.42590149,0.00410259,0.00046352,0.28794895,0.18818167,0.00698064
Titanite,0.11137505,0.01744870,4.68672456,0.00002397,0.00001522,0.15666616,0.01228375,0.73146751,0.00001760,0.00011235,262.77326110,0.00835711,38.00409417,0.03296792,0.00116895,0.00216894,0.06578938,0.41993354,0.00256704,0.00000739,0.30716774,0.19603868,0.00515836
Titanite,0.12358256,0.01991113,4.56932661,0.00007810,0.00004952,0.16111605,0.01344747,0.73421328,0.00005750,0.00035689,371.08322320,0.00940515,35.00097182,0.04011810,0.00082617,0.00269898,0.06727587,0.41756160,0.00288342,0.00002401,0.30657927,0.19653553,0.00561515
Titanite,0.10408172,0.01477848,5.71676896,0.00000000,0.00000000,0.14198915,0.01477848,0.81171918,0.00000000,0.00000000,65535.00000000,0.00285671,35.03505155,0.00000000,0.00000000,0.00000000,0.05705652,0.40183715,0.00093180,0.00000000,0.32617892,0.20805707,0.00593854
Titanite,0.10270481,0.01438461,5.64136992,0.00000000,0.00000000,0.14005778,0.01438461,0.79011774,0.00000000,0.00000000,65535.00000000,0.00495326,34.89579386,0.00000000,0.00000000,0.00000000,0.05715627,0.40809063,0.00159713,0.00000000,0.32243965,0.20484610,0.00587022
Titanite,0.18895679,0.02362925,8.85197555,0.00409348,0.00404417,0.12505110,0.02315827,1.10694926,0.00454990,0.03638431,65535.00000000,0.00073456,29.32655411,0.00376635,0.00000000,0.00016019,0.04253229,0.34011930,0.00027656,0.00154751,0.37649480,0.23099278,0.00787657
Titanite,0.11670372,0.01553771,6.34916505,0.00017506,0.00013062,0.13313809,0.01514722,0.84531570,0.00014801,0.00111169,65535.00000000,0.00176582,35.47609148,0.00293297,0.00000000,0.00015416,0.05256150,0.39478935,0.00058929,0.00005843,0.33372164,0.21214566,0.00597996
Titanite,0.16810260,0.01986863,8.84347254,0.00105492,0.00098714,0.11819348,0.01986863,1.04524078,0.00110381,0.00933903,65535.00000000,0.00027517,33.00273865,0.00000000,0.00000000,0.00000000,0.04161136,0.35206141,0.00010126,0.00038861,0.36798894,0.23085344,0.00699498
Titanite,0.15919289,0.01853954,8.52634394,0.00102711,0.00091444,0.11645960,0.01853954,0.99297456,0.00102094,0.00876646,65535.00000000,0.00074237,33.91263767,0.00000000,0.00000000,0.00000000,0.04221912,0.36252158,0.00026723,0.00037011,0.35997471,0.22792627,0.00672098
Titanite,0.12327108,0.01949877,4.77107530,0.00010008,0.00006522,0.15817799,0.01346408,0.74849605,0.00007553,0.00047753,121.05584640,0.01461832,35.50190343,0.03815128,0.00255354,0.00249226,0.06532573,0.41298872,0.00451882,0.00003120,0.30912042,0.19740881,0.00556051
Titanite,0.12342545,0.01958981,4.71114475,0.00096976,0.00062641,0.15871778,0.01277057,0.74773984,0.00072584,0.00457312,289480.00000000,0.01115448,36.61003236,0.04296455,0.00000108,0.00283822,0.06605953,0.41620752,0.00347144,0.00030210,0.31121494,0.19458997,0.00531521
Titanite,0.10864250,0.01686363,4.84587237,0.00070044,0.00045639,0.15522133,0.01305843,0.75182110,0.00052723,0.00339662,2078.73239400,0.01053594,36.58864833,0.02451471,0.00015004,0.00157859,0.06439366,0.41485060,0.00328609,0.00021872,0.31189343,0.19821156,0.00541730
Titanite,0.10936813,0.01754386,4.43883595,0.00013540,0.00008309,0.16041108,0.01219604,0.71038521,0.00009642,0.00060109,429.68705550,0.00827292,37.17508677,0.03333822,0.00070371,0.00227629,0.06827876,0.42564863,0.00250152,0.00004104,0.30237449,0.19298434,0.00519123
Titanite,0.16251583,0.01939686,8.40619912,0.00174373,0.00156569,0.11935368,0.01939686,1.00331078,0.00175256,0.01468371,65535.00000000,0.00119799,32.62708720,0.00000000,0.00000000,0.00000000,0.04296576,0.35998689,0.00043269,0.00063090,0.36117873,0.22782242,0.00698262
Titanite,0.11641641,0.01491452,6.72404322,0.00008850,0.00006759,0.12811355,0.01491452,0.86144101,0.00007624,0.00059513,65535.00000000,0.00247141,36.90719622,0.00000000,0.00000000,0.00000000,0.05010057,0.39106382,0.00083256,0.00002982,0.33687842,0.21526228,0.00583253
Titanite,0.11491416,0.01565168,5.83943471,0.00044493,0.00031159,0.13620326,0.01367626,0.79519829,0.00035403,0.00259928,5240.98039200,0.00877324,37.83772025,0.01450352,0.00006138,0.00079912,0.05509810,0.40452849,0.00282218,0.00014322,0.32168036,0.20933474,0.00553244
Titanite,65535.00000000,0.09074507,65535.00000000,0.00000496,0.00002227,0.00000000,0.09074507,4.48958681,0.00002227,65535.00000000,65535.00000000,0.00000000,28.82670594,,0.00000000,0.00000000,0.00000000,0.12200723,0.00000000,0.00000272,0.54776205,0.31915645,0.01107156
Titanite,0.27826001,0.04853768,4.06831034,0.01431723,0.00877679,0.17443283,0.01841586,0.66788321,0.01030775,0.05909297,15.99196977,0.05117043,24.05865024,0.17268435,0.01725656,0.01244620,0.07207486,0.41319552,0.01412132,0.00425912,0.27596635,0.18307072,0.00760935
Titanite,0.13755999,0.02192257,4.35234556,0.00030938,0.00018515,0.15936737,0.01195440,0.69303462,0.00021466,0.00134696,1180.16806700,0.01325477,37.53973168,0.06254838,0.00025170,0.00427254,0.06830779,0.42861841,0.00393730,0.00009201,0.29704740,0.19234898,0.00512388
Titanite,0.22123815,0.02173111,11.57049562,0.00358244,0.00372066,0.09822496,0.02173111,1.13651142,0.00408612,0.04159957,65535.00000000,0.00046778,32.92761828,0.00000000,0.00000000,0.00000000,0.03299861,0.33594939,0.00017860,0.00137273,0.38181032,0.24038980,0.00730055
Titanite,0.10683119,0.01302882,6.49017432,0.00000000,0.00000000,0.12195711,0.01302882,0.79152291,0.00000000,0.00000000,65535.00000000,0.00193475,39.43776737,0.00000000,0.00000000,0.00000000,0.04994419,0.40952256,0.00062714,0.00000000,0.32414648,0.21042403,0.00533560
Titanite,0.11995916,0.01902281,4.47671407,0.00017187,0.00010533,0.15857740,0.01227589,0.70811039,0.00012203,0.00076954,394.43137250,0.01337575,36.86293252,0.04254658,0.00076407,0.00287149,0.06749053,0.42559992,0.00403107,0.00005194,0.30137172,0.19259465,0.00522462
Titanite,0.18733438,0.03180791,3.91123205,0.00008262,0.00004691,0.16979215,0.01126183,0.65031496,0.00005487,0.00032317,47.18745023,0.00648351,37.00253362,0.12100725,0.00602686,0.00898510,0.07425257,0.43731451,0.00184386,0.00002400,0.28439217,0.18223598,0.00492496
Titanite,0.10184664,0.01419269,5.54123034,0.00000000,0.00000000,0.13935352,0.01419269,0.77218997,0.00000000,0.00000000,65535.00000000,0.00300742,34.61765248,0.00000000,0.00000000,0.00000000,0.05759895,0.41332972,0.00095987,0.00000000,0.31916906,0.20307614,0.00586626
Titanite,0.11027545,0.01614228,5.40345887,0.00142165,0.00098229,0.14638147,0.01427853,0.79096345,0.00112608,0.00769275,283070.00000000,0.01459003,35.18003914,0.01273217,0.00000113,0.00075502,0.05930035,0.40510834,0.00467502,0.00045618,0.32042589,0.20349370,0.00578435
Titanite,0.10224719,0.01609817,4.63252097,0.00045755,0.00028846,0.15744363,0.01204684,0.72884016,0.00033387,0.00212059,1399.61722500,0.01237180,38.38055843,0.02573192,0.00021930,0.00170610,0.06630271,0.42112034,0.00379727,0.00014060,0.30692942,0.19471110,0.00507317
Titanite,0.09381316,0.01466026,4.70299893,0.00017118,0.00010882,0.15627086,0.01215654,0.73422012,0.00012583,0.00080519,1017.50889700,0.01263290,38.81495564,0.01602169,0.00030228,0.00104884,0.06546392,0.41891316,0.00388556,0.00005271,0.30757447,0.19766651,0.00509254
Titanite,0.17726118,0.02036271,8.89971384,0.00171316,0.00157368,0.11487405,0.02036271,1.02234616,0.00175445,0.01527282,65535.00000000,0.00031071,31.54362416,0.00000000,0.00000000,0.00000000,0.04099762,0.35689193,0.00011337,0.00062615,0.36486709,0.22923656,0.00726729
Titanite,0.10895021,0.01716674,4.41972929,0.00020653,0.00012427,0.15756496,0.01095356,0.68963785,0.00014386,0.00091299,102.06826630,0.01047282,40.70877632,0.03943250,0.00290683,0.00267303,0.06778742,0.43021886,0.00310723,0.00006189,0.29669521,0.19183710,0.00471243
Titanite,0.36677189,0.07321987,3.53839785,0.01488280,0.00889586,0.19963326,0.01757535,0.62615254,0.01067176,0.05345684,7.80453258,0.06072430,24.17193240,0.27873370,0.03270983,0.02268649,0.08139128,0.40770404,0.01550200,0.00435092,0.25528492,0.17320498,0.00716554
Titanite,0.10199862,0.01422295,5.77788717,0.00003749,0.00002651,0.13944261,0.01422295,0.80568369,0.00003020,0.00021660,65535.00000000,0.00213680,35.96718147,0.00000000,0.00000000,0.00000000,0.05639375,0.40442267,0.00069625,0.00001221,0.32583675,0.20688629,0.00575209
Titanite,0.11000520,0.01733725,4.13905906,0.00000000,0.00000000,0.15760389,0.01025580,0.63902336,0.00000000,0.00000000,48.01629895,0.01580494,40.45137993,0.04493194,0.00590901,0.00314419,0.06997670,0.44400361,0.00448432,0.00000000,0.28372868,0.18419989,0.00455361
Titanite,0.16023570,0.02651258,4.06122876,0.00000000,0.00000000,0.16545990,0.01088565,0.66246814,0.00000000,0.00000000,69.71614583,0.01509843,39.37485792,0.09444544,0.00412686,0.00678675,0.07185891,0.43429806,0.00434395,0.00000000,0.28770863,0.18614923,0.00472762
Titanite,0.18487066,0.03026757,4.12419067,0.00028053,0.00016282,0.16372296,0.01220842,0.67279478,0.00018948,0.00115730,276.88092730,0.01344954,35.41946309,0.11030309,0.00105151,0.00781487,0.07084908,0.43273759,0.00391575,0.00008199,0.29114359,0.18712258,0.00528304
Titanite,0.10238466,0.01277421,6.11521514,0.00000000,0.00000000,0.12476688,0.01277421,0.76297634,0.00000000,0.00000000,65535.00000000,0.00365229,39.25738397,0.00000000,0.00000000,0.00000000,0.05188273,0.41583737,0.00115878,0.00000000,0.31727407,0.20853506,0.00531200
Titanite,0.12303899,0.01925938,4.72660187,0.00019276,0.00012334,0.15653074,0.01402640,0.73815517,0.00014264,0.00091127,433.36617410,0.01315929,33.99601196,0.03343101,0.00070902,0.00217828,0.06515743,0.41625967,0.00404338,0.00005938,0.30726423,0.19848999,0.00583863
Titanite,0.10867869,0.01483604,4.84964674,0.00000000,0.00000000,0.13651283,0.01100970,0.66135951,0.00000000,0.00000000,973.34745760,0.01126638,40.12290795,0.02802911,0.00030031,0.00169114,0.06033502,0.44197327,0.00329320,0.00000000,0.29230323,0.19523784,0.00486599
Vermiculite,2.04797272,0.73688496,0.21561265,0.70977320,0.13952531,0.35981191,0.07602936,0.04028214,0.18972818,0.52729823,1.08001230,1.26433574,0.40298688,1.83666964,0.01525117,0.27022515,0.14712779,0.40890195,0.02082544,0.07758022,0.01647145,0.01252828,0.03108855
Vermiculite,2.15270332,0.77341582,0.11351204,0.78979252,0.11272697,0.35927655,0.07794391,0.01224576,0.15322712,0.42648796,0.42912710,2.22927219,0.17872251,1.93575647,0.01205122,0.29370444,0.15172593,0.42230957,0.01152869,0.06470928,0.00517150,0.00588291,0.03291646
Vermiculite,2.02099721,0.71871492,0.04757516,0.89789171,0.10974758,0.35562391,0.08219209,0.00616946,0.14877644,0.41835330,0.57393484,3.34497817,0.20518984,1.78987639,0.00471975,0.27947874,0.15614416,0.43907103,0.00906098,0.06532342,0.00270883,0.00740493,0.03608817
Vermiculite,2.05869864,0.71129451,0.05591654,0.90429048,0.13566376,0.34550686,0.09474483,0.01477898,0.18253652,0.52831518,3.25487465,1.51412067,0.20828327,1.78447881,0.00197350,0.26797555,0.15017021,0.43463741,0.00972595,0.07933720,0.00642350,0.00857703,0.04117965
Vermiculite,2.01842406,0.76483339,0.12942556,0.78706581,0.13146168,0.37892602,0.07492592,0.01877194,0.18127593,0.47839399,0.62013403,2.13173871,0.19861284,1.82069173,0.01246236,0.28403221,0.15600236,0.41169610,0.01647479,0.07463059,0.00772833,0.00612655,0.03084671
Vermiculite,1.70626656,0.53470364,0.09228731,0.81691426,0.09825191,0.31337638,0.12282057,0.00569073,0.12904174,0.41177878,0.24497394,4.89766971,0.07694113,1.31433986,0.01136848,0.20157110,0.15336300,0.48938914,0.01363992,0.06315163,0.00278498,0.00462471,0.06010705
Vermiculite,2.04931678,0.71584115,0.04040759,0.91800422,0.11711508,0.34930722,0.08426795,0.01399193,0.15802422,0.45239322,114.00000000,1.08089669,0.21552952,1.80807371,0.00005406,0.27815583,0.15384098,0.44041740,0.00666080,0.06959662,0.00616229,0.00799896,0.03711307
Vermiculite,2.01690284,0.77603521,0.12324792,0.73184582,0.09346193,0.38476579,0.08172367,0.01236931,0.12942288,0.33636796,0.35288170,1.63419293,0.20505963,1.80450435,0.01476123,0.29238879,0.16203274,0.42112045,0.00851246,0.05450262,0.00520897,0.00705723,0.03441551
Vermiculite,2.05517148,0.76021910,0.04690791,0.88439268,0.09689604,0.36990543,0.07861281,0.00370938,0.13273841,0.35884418,0.27190627,7.61579892,0.17527214,1.84265010,0.00587454,0.29351205,0.15928800,0.43061817,0.01216491,0.05715957,0.00159733,0.00593333,0.03385211
Vermiculite,2.05565754,0.80434119,0.11667317,0.75020266,0.09854538,0.39128171,0.08725926,0.00123008,0.13710438,0.35039813,0.02769075,22.66788321,0.14652467,1.83264875,0.01836342,0.29643143,0.16175027,0.41338572,0.01152655,0.05667699,0.00050850,0.00528540,0.03607173
Vermiculite,2.04818684,0.74020655,0.06812180,0.88072192,0.13352517,0.36139601,0.08988604,0.02045584,0.18178063,0.50299566,4.91360137,1.10463092,0.22230586,1.79946788,0.00177110,0.27666379,0.15374756,0.42542683,0.00961301,0.07733436,0.00870246,0.00850096,0.03823993
Vermiculite,2.08312924,0.80074801,0.24865422,0.61926950,0.11229928,0.38439670,0.06928508,0.01829939,0.15546675,0.40444350,0.23678577,3.42633389,0.17327549,1.90288555,0.03077881,0.29131521,0.15309129,0.39826380,0.02497107,0.06191678,0.00728798,0.00478132,0.02759374
Vermiculite,2.10139920,0.72472508,0.06386827,0.89757289,0.14352315,0.34487739,0.09793192,0.02202344,0.19302104,0.55968018,6709.00000000,0.63228499,0.20711963,1.81743766,0.00000142,0.27030241,0.14872720,0.43124659,0.00600515,0.08323967,0.00949753,0.00874724,0.04223281
Vermiculite,2.05185559,0.77314815,0.18068175,0.69018680,0.11016020,0.37680437,0.06673789,0.01858500,0.15166904,0.40251402,0.37547966,2.83737864,0.19718961,1.87474009,0.02032220,0.29003590,0.15470726,0.41057714,0.02165083,0.06227184,0.00763057,0.00540320,0.02740105
Vermiculite,1.99471402,0.76704330,0.14124860,0.77068920,0.13184791,0.38453798,0.08396009,0.01778794,0.18254845,0.47472150,0.48697363,2.70696622,0.31828922,1.77637383,0.01482857,0.27730184,0.15610557,0.40595617,0.01954734,0.07410667,0.00722112,0.01084861,0.03408412
Vermiculite,2.14132479,0.84387184,0.14762821,0.69951724,0.09715200,0.39408867,0.08108290,0.00347354,0.13543851,0.34367521,0.06349573,9.10303030,0.16626856,1.93557692,0.02208807,0.30798863,0.15911981,0.40376652,0.01276699,0.05468553,0.00140250,0.00544339,0.03273856
Vermiculite,2.07501876,0.80432956,0.19294824,0.66050189,0.10486181,0.38762520,0.08226171,0.00392569,0.14550889,0.37538551,0.05539598,11.92016461,0.16190102,1.86279903,0.02866317,0.29205513,0.15678295,0.40447048,0.01892713,0.05885405,0.00158782,0.00538684,0.03327243
Vermiculite,2.02551755,0.81549194,0.24719172,0.60354833,0.10801964,0.40260917,0.07858308,0.01078456,0.15150933,0.37631863,0.12153388,4.90188172,0.18496657,1.83033303,0.03498363,0.29051826,0.15872426,0.39423907,0.02084131,0.05973090,0.00425170,0.00573036,0.03098052
Vermiculite,2.04819098,0.82899337,0.28289969,0.57826070,0.11176233,0.40474418,0.07219445,0.01385668,0.15699748,0.38789312,0.13767835,4.27712385,0.18063946,1.86982041,0.03904697,0.29361231,0.15702701,0.38796608,0.02299349,0.06090970,0.00537592,0.00505953,0.02800900
Vermiculite,2.02162289,0.67482386,0.01733584,0.96232570,0.11082052,0.33380304,0.09198372,0.00578362,0.14781275,0.44281426,1847.00000000,0.10882512,0.21443404,1.74606004,0.00000143,0.26704179,0.15293964,0.45817330,0.00028838,0.06772385,0.00264990,0.00903721,0.04214448
Vermiculite,2.06265496,0.79263597,0.09802686,0.79354684,0.10459708,0.38427948,0.08632394,0.00502183,0.14479158,0.37678719,0.15381809,5.79051383,0.16146241,1.83801653,0.01358973,0.29400343,0.15995690,0.41625149,0.01210418,0.06026971,0.00209035,0.00580174,0.03593247
Vermiculite,2.08966691,0.75365117,0.11953406,0.80011381,0.12682521,0.36065613,0.06769412,0.02262450,0.17256549,0.47847654,1.10437788,1.58668892,0.21299073,1.90196977,0.00860656,0.28818095,0.15151711,0.42011516,0.01508131,0.07249738,0.00950490,0.00605731,0.02843933
Vermiculite,2.09213829,0.74004076,0.08116663,0.85021994,0.12038981,0.35372459,0.08296013,0.01867880,0.16297465,0.46073881,1.86195380,1.31434978,0.21438428,1.85760518,0.00430960,0.28227702,0.15195749,0.42959267,0.01054671,0.07001271,0.00802428,0.00764046,0.03563906
Vermiculite,2.06208935,0.75329894,0.05921093,0.88599888,0.12312748,0.36530858,0.08010824,0.01319014,0.16810700,0.46017808,1.56279070,2.00212585,0.23987539,1.84280012,0.00358549,0.28598111,0.15518835,0.42481441,0.01121864,0.07141428,0.00560336,0.00816323,0.03403113
Vermiculite,2.01908170,0.75843006,0.17424930,0.69885498,0.11041855,0.37563119,0.07684438,0.01943078,0.15189521,0.40437325,0.42220006,2.15288559,0.22158218,1.81450768,0.01909442,0.28278401,0.15584614,0.41489136,0.01735584,0.06302001,0.00806166,0.00706450,0.03188207
Vermiculite,2.08709194,0.77220971,0.06154050,0.86235817,0.10412944,0.36999315,0.08096171,0.00337218,0.14265661,0.38556556,0.17384719,8.07550823,0.17773477,1.86827246,0.00825684,0.29424189,0.15749410,0.42566762,0.01159181,0.06072430,0.00143543,0.00612523,0.03446278
Vermiculite,2.12289700,0.75820039,0.04990841,0.90820386,0.12994475,0.35715364,0.07647829,0.01188415,0.17635499,0.49377906,2.00042355,2.32839297,0.23139435,1.90876427,0.00252275,0.28949070,0.15166393,0.42464619,0.01175038,0.07488848,0.00504656,0.00751481,0.03247621
Vermiculite,2.01979990,0.71897279,0.09728805,0.81560036,0.11296224,0.35596239,0.11611109,0.00968790,0.15317255,0.43030542,0.38840180,3.72170268,0.12659420,1.69361067,0.01078153,0.26058504,0.15386361,0.43224681,0.01558487,0.06620834,0.00418756,0.00635359,0.05018865
Vermiculite,2.05919692,0.79517394,0.07779763,0.83659885,0.11096353,0.38615731,0.08517322,0.00394727,0.15381291,0.39831672,0.15126635,6.28334867,0.22059262,1.83863081,0.01083324,0.29475569,0.16031261,0.41514844,0.01029655,0.06385519,0.00163870,0.00780005,0.03535953
Vermiculite,2.05429517,0.82680059,0.07586823,0.87582981,0.15356965,0.40247410,0.09121167,0.00356947,0.21537746,0.53513372,0.13237139,6.83293839,0.21124867,1.82766774,0.01070551,0.29203417,0.15978515,0.39700729,0.00968298,0.08550642,0.00141710,0.00764967,0.03621170
Vermiculite,1.99970782,0.70096018,0.00730460,0.98282820,0.10851266,0.35053130,0.08625016,0.00152989,0.14654974,0.41807889,1.48447205,9.66945607,0.16082826,1.75365230,0.00046230,0.27574543,0.15724065,0.44857806,0.00663592,0.06573900,0.00068628,0.00622243,0.03868993
Vermiculite,2.00764029,0.77060371,0.14175653,0.76479597,0.12785115,0.38383555,0.09010419,0.01715017,0.17692497,0.46093950,0.46027114,2.43014932,0.20310675,1.77289344,0.01523499,0.27823715,0.15693958,0.40887192,0.01704075,0.07233965,0.00701222,0.00748267,0.03684107
Vermiculite,2.05058219,0.67342863,0.06118889,0.92715641,0.19253824,0.32840850,0.14303334,0.02008979,0.25576943,0.77881488,3893.00000000,0.00282558,0.25504203,1.61504738,0.00000223,0.22918790,0.14190785,0.43210771,0.00002453,0.11051994,0.00868095,0.01576308,0.06180581
Vermiculite,2.05058219,0.67342863,0.06118889,0.92715641,0.19253824,0.32840850,0.14303334,0.02008979,0.25576943,0.77881488,3893.00000000,0.00282558,0.25504203,1.61504738,0.00000223,0.22918790,0.14190785,0.43210771,0.00002453,0.11051994,0.00868095,0.01576308,0.06180581
Vermiculite,2.05933490,0.76812053,0.12189590,0.77601209,0.11472726,0.37299447,0.08533100,0.01770595,0.15751989,0.42231159,0.63780962,1.81857986,0.20362617,1.83056208,0.01159745,0.28524719,0.15582492,0.41776736,0.01345197,0.06580667,0.00739697,0.00725897,0.03564851
Vermiculite,2.06186454,0.80894801,0.14927929,0.72312535,0.10986155,0.39233810,0.07750988,0.00868045,0.15296443,0.38987911,0.17400049,4.59474606,0.18683560,1.86430564,0.02022042,0.29646673,0.15902260,0.40532031,0.01616598,0.06199959,0.00351836,0.00586969,0.03141633
Vermiculite,2.00998403,0.77578766,0.12501597,0.76659708,0.11434672,0.38596708,0.08086195,0.01327147,0.15848079,0.41060703,0.37939544,3.25900116,0.21711780,1.80047923,0.01439947,0.28606055,0.15888022,0.41164191,0.01780423,0.06523734,0.00546309,0.00722702,0.03328617
Vermiculite,2.02707760,0.76216027,0.06846099,0.86796809,0.12297838,0.37598969,0.09607620,0.00775146,0.16921699,0.45005753,0.43089628,3.89909808,0.18814808,1.77154877,0.00755400,0.27970180,0.15788547,0.41991967,0.01269153,0.07105754,0.00325499,0.00759070,0.04034429
Apatite,5.79137245,0.58193396,3108.66137000,0.00000000,0.00000000,0.03137715,0.08663310,148.62952600,0.00000000,0.00000000,324.93215990,0.78585767,5.95775994,8.86477268,0.01376096,0.00083461,0.00028791,0.00357761,0.43656341,0.00000000,0.53585511,0.00131606,0.00018591
Apatite,,0.05057134,,0.00000000,0.00000000,0.04583352,0.19060996,316.48368370,0.00000000,,251.58100160,0.81290877,65535.00000000,,0.00375544,0.00000000,0.00004911,0.00190786,0.44663449,0.00000000,0.54968080,0.00124948,0.00011587
Apatite,0.33375158,0.21921617,606.12593920,0.00000000,0.00000000,0.52088349,0.16210653,94.79930165,0.00000000,0.00000000,585.56098130,0.77698871,3.17579924,0.00000000,0.00157993,0.00000000,0.00078081,0.00517669,0.42370046,0.00000000,0.56354803,0.00146290,0.00097008
Apatite,1.05793684,0.27578006,1281.51952200,0.00000000,0.00000000,0.38144987,0.17164042,131.09539630,0.00000000,0.00000000,444.68545720,0.74844253,4.76245151,0.07643697,0.00143727,0.00005843,0.00151788,0.00423583,0.43928687,0.00000000,0.56320758,0.00252250,0.00040040
Apatite,0.56827429,0.01418327,2841.87161800,0.00000529,0.00061788,0.35104404,0.01971631,237.51001700,0.00092922,0.00041240,108.12642540,0.81617491,,0.52837955,0.00397194,0.00302553,0.01030151,0.00342462,0.42514014,0.00000951,0.51616284,0.00102150,0.00018902
Apatite,0.38778169,1.18696233,71.04701676,0.00056279,0.01541068,0.94327212,0.02999424,43.33280645,0.02143372,0.02375059,93.00824527,0.80912856,4.67742064,1.04822076,0.02287070,0.00367008,0.00882262,0.01293224,0.42111312,0.00032127,0.53253169,0.00172904,0.00034596
Apatite,0.33234438,0.13804285,120.27191540,0.00063122,0.02217853,0.40240295,0.01838083,105.90240630,0.04533155,0.11188963,228.80729310,0.78407503,28.49218615,0.21162695,0.00498495,0.00052370,0.00481699,0.01191711,0.42960336,0.00035957,0.54437301,0.00098262,0.00004071
Apatite,1.34658693,2.30932490,2033.64619000,0.00314098,9.74976941,2.01927848,2.50786938,782.75449650,8.25432731,5.14350598,,0.57731498,65535.00000000,0.00000000,0.00037628,0.00000000,0.00078828,0.00101122,0.36180702,0.00300537,0.74709575,0.00100576,0.00030084
Apatite,,0.04267552,,0.00000091,0.00026545,0.05784723,0.05314441,187.75121740,0.00033716,,,0.76053063,9.73330120,,0.00178635,0.00005871,0.00017588,0.00243236,0.42869872,0.00000056,0.56802111,0.00149717,0.00006403
Apatite,,0.12418631,,0.00000000,0.00000000,0.24741067,0.11453291,146.99700850,0.00000000,,155.61417050,0.79711639,7.68303424,,0.00462952,0.00000043,0.00173902,0.00247605,0.44212352,0.00000000,0.55224972,0.00207596,0.00069889
Apatite,,,,0.00033385,,,,,,,,0.52081279,2.02530667,,0.00238290,0.00000000,0.00000000,0.00061143,0.43695762,0.00369329,0.58265120,0.00145769,0.00045657
Apatite,,0.07217535,,0.00000000,0.00000000,0.00000000,0.13191433,290.82570980,0.00000000,,372.08938590,0.79257348,33.63612787,,0.00093636,0.00000000,0.00000000,0.00196101,0.43528115,0.00000000,0.55770223,0.00129960,0.00028450
Apatite,,0.23999329,,0.00019706,0.49401088,0.48221320,0.02867935,51.42951377,0.14721550,,,0.62629508,10.02302869,,0.00183041,0.00689270,0.00108983,0.00969223,0.41274065,0.00026689,0.60190052,0.00150867,0.00024478
Apatite,,0.96493149,,0.00037926,0.24484620,0.08215990,0.05361636,1802.91326400,0.85204755,,,0.54891961,43.43604242,,0.01067826,0.00867926,0.00707523,0.00355459,0.37834890,0.00041322,0.51820438,0.00126307,0.00006040
Apatite,0.67626198,0.05275290,1523.81542700,0.00000000,0.00000000,0.08113025,0.04834134,121.53464640,0.00000000,0.00000000,471.56248410,0.76551870,7.06850887,0.01269284,0.00123083,0.00000874,0.00035635,0.00417333,0.43290874,0.00000000,0.56518620,0.00122623,0.00026544
Apatite,,0.17941892,,0.00001886,0.00193638,0.00000000,0.19416351,163.02096500,0.00044331,,2614.72403700,0.71761623,5.37474987,,0.00058586,0.00000000,0.00000000,0.00337386,0.42708421,0.00001020,0.57556983,0.00141573,0.00024715
Apatite,,1.79108639,,0.00138720,26.05938191,0.89208515,0.44365174,1649.68664900,21.59224332,,,0.63864855,5.39276006,,0.00457993,0.00558770,0.00106166,0.00688089,0.37556180,0.00067474,0.55929971,0.00164852,0.00026045
Apatite,0.20674771,0.02336920,547.02146000,0.00016671,0.03001937,0.22650302,0.00699913,103.80922980,0.01509900,0.01827235,335.46483940,0.78268772,16.74449713,0.00286961,0.00179898,0.00000641,0.00088143,0.00549037,0.43542236,0.00010442,0.55603779,0.00108677,0.00003966
Apatite,0.34015981,0.04260445,2591.70728500,0.00019694,0.01183891,0.35583785,0.00129322,189.50685750,0.00591558,0.03538584,110.92917540,0.80913429,,0.21409270,0.00323376,0.00134595,0.00276986,0.01314993,0.44789684,0.00017276,0.54409304,0.00150917,0.00020725
Apatite,4.41546520,0.11757498,14756.53990000,0.00000000,0.00000000,0.02105261,0.14034890,216.34014650,0.00000000,0.00000000,479.25954240,0.79046309,5.62674318,0.00000000,0.00119457,0.00000000,0.00004922,0.00247151,0.43538677,0.00000000,0.55863193,0.00131154,0.00027949
Apatite,0.24117748,0.11253240,268.17158520,0.00021186,0.01748710,0.16214707,0.00227091,104.41405770,0.02186817,0.19323887,62897.24734000,0.78196831,,0.20986923,0.00225607,0.00188185,0.00589902,0.00565447,0.42899906,0.00023819,0.55191616,0.00161668,0.00007125
Apatite,1.89956328,0.08530015,3063.63950000,0.00000000,0.00000000,0.05035773,0.06040688,133.06071680,0.00000000,0.00000000,172.30562600,0.78158543,5.06859488,0.03453439,0.00103096,0.00003816,0.00019286,0.00414122,0.43886292,0.00000000,0.55210634,0.00157146,0.00027424
Apatite,0.29016037,0.16080522,190.51544110,0.00035796,0.00934597,0.49053664,0.03744677,68.82484882,0.01772855,0.03927635,103.57918030,0.80233866,5.32611446,0.25028318,0.00515482,0.00050290,0.00598705,0.00807646,0.43421319,0.00025695,0.54287096,0.00174663,0.00030950
Augite,3.36404758,0.38977044,2.26706775,0.00551077,0.00184106,0.14842522,0.05382150,0.34866078,0.00209071,0.02245705,32.70536076,0.00617230,0.26040329,3.10844189,0.00543997,0.17624001,0.07876487,0.52940088,0.00121536,0.00105438,0.18476920,0.00696703,0.02474047
Augite,1.44200770,0.38268334,2.67925566,0.05792211,0.00357104,0.20072404,0.09902176,0.18600364,0.01457419,0.03046694,21.54679754,0.02198451,0.27562406,1.70355146,0.01835317,0.12941674,0.14518888,0.52632993,0.00357207,0.01024237,0.12989651,0.01352661,0.05579324
Augite,3.33090417,0.39091739,3.25760618,0.00076064,0.00011973,0.11247224,0.05351865,0.39123040,0.00009724,0.00245147,74.90250647,0.00590923,0.18321848,2.94436688,0.00237629,0.16966453,0.06007653,0.53339643,0.00176927,0.00010042,0.19603821,0.00685712,0.02940738
Augite,1.72268538,0.38188882,0.69155278,0.10528866,0.01774284,0.26643711,0.13571675,0.14455148,0.01595151,0.03445454,9.54841595,0.07665578,0.25449795,0.92387294,0.00991455,0.13802581,0.13339237,0.53690072,0.00674891,0.00650012,0.07627148,0.01942427,0.08674727
Augite,2.57860111,0.38837920,2.51867080,0.01250459,0.00253937,0.15210723,0.05348888,0.36108658,0.00336274,0.02136979,31.69399180,0.04798172,0.28004571,2.02846965,0.00591077,0.17195559,0.07730003,0.51446842,0.00419524,0.00185651,0.18775994,0.00780885,0.02608485
Augite,3.40744360,0.38606993,3.28906815,0.00312334,0.00010590,0.12335405,0.06109546,0.39641555,0.00014495,0.01584057,81.83083694,0.00060987,0.25157774,2.44740742,0.00256797,0.17600014,0.06200058,0.53315920,0.00202965,0.00112401,0.19613915,0.00465550,0.03021223
Augite,3.45170017,0.40664187,3.24203781,0.00446114,0.00200054,0.13111598,0.04801802,0.34465943,0.00080544,0.01688162,36.14673149,0.00721394,0.28385334,3.36474311,0.00509528,0.18787193,0.05601146,0.52330966,0.00174938,0.00074464,0.18333582,0.00617993,0.02602945
Augite,4.03868973,0.65202743,8.67596366,0.02806924,0.04239387,0.14156243,0.16819141,1.03433862,0.03671116,0.15091038,794.04024460,0.00000000,0.31360790,1.68163002,0.00054401,0.08259705,0.04359595,0.29401169,0.00000000,0.00755701,0.44903116,0.02922001,0.12812605
Augite,4.06503167,0.37517450,3.90924675,0.00961883,0.00350006,0.10737262,0.05080033,0.37449524,0.00389410,0.03834700,57.41354770,0.00234715,0.23060727,3.00193850,0.00355761,0.16969431,0.05018831,0.54270349,0.00041294,0.00241919,0.19672867,0.00650800,0.02776451
Augite,3.51732710,0.58926086,4.42229966,0.01263925,0.03417309,0.13475424,0.29020062,1.36965801,0.04113293,0.30542035,665.78436550,0.00104932,0.27476450,1.97918986,0.00041394,0.06970340,0.05153925,0.36113718,0.00021985,0.00421872,0.27586035,0.02276559,0.08264258
Augite,3.37376743,0.38840685,3.14338604,0.00584836,0.00211357,0.11612789,0.05360243,0.36857411,0.00227732,0.00553066,65.02704275,0.00230394,0.16356039,2.61915075,0.00277952,0.17742238,0.06328909,0.52981006,0.00067207,0.00035888,0.18822444,0.00345060,0.02882148
Augite,3.66124837,0.37358835,4.64686071,0.01658021,0.01852702,0.11021404,0.14858000,0.46242901,0.02496123,0.17973332,499.72106660,0.00000000,0.27533552,2.60791055,0.00058184,0.14582576,0.05078493,0.47262860,0.00000000,0.00742390,0.27093922,0.01439954,0.06644631
Augite,4.23104324,0.45930995,9.34302270,0.03143352,0.02868304,0.13859528,0.40153399,1.13964672,0.04174251,0.15632403,790.03102020,0.00000000,0.31337453,1.39300964,0.00046826,0.06225583,0.04708504,0.39436817,0.00000000,0.01235825,0.37769821,0.02554760,0.10369341
Augite,3.85293605,0.41441843,5.63942011,0.02968309,0.03943958,0.14167363,0.36737344,1.03667302,0.01935791,0.11415144,117.14912520,0.00003663,0.26084472,1.77527860,0.00356461,0.07899094,0.04512291,0.33237450,0.00001444,0.01074311,0.36857031,0.02274964,0.08993468
Augite,4.04400479,0.37112281,4.00263329,0.00366454,0.00093554,0.08964281,0.04987943,0.36793455,0.00165264,0.01358295,54.52357278,0.00270803,0.24434920,3.47049817,0.00379151,0.17649078,0.04932977,0.53697809,0.00055253,0.00102230,0.19812101,0.00635017,0.02638547
Augite,3.94439946,0.57836262,5.96516065,0.02453029,0.01480142,0.13208714,0.31868028,1.05880325,0.01891110,0.12160759,117.23562240,0.00008971,0.26107512,2.02186026,0.00331627,0.11774292,0.05350831,0.49354313,0.00002947,0.00531035,0.28774554,0.02051662,0.10549205
Augite,3.46027872,0.37458301,3.76662541,0.00422491,0.00151441,0.10300276,0.05174723,0.37448116,0.00261349,0.02857016,56.00662065,0.01645105,0.28190195,2.75230210,0.00384710,0.17615177,0.05771033,0.53068950,0.00078652,0.00051705,0.19842027,0.00687890,0.02745083
Augite,3.99211231,0.37481470,7.35611657,0.01400934,0.02541644,0.12093889,0.18983911,0.60892872,0.01464051,0.02589994,120.98622560,0.00001588,0.24464975,2.49452614,0.00361889,0.08699281,0.04816341,0.42686936,0.00000274,0.01164769,0.27002600,0.00955209,0.09110215
Biotite,1.89102945,0.58381069,0.02367826,0.97450634,0.21124776,0.30750380,0.16664295,0.00211436,0.27646678,0.89839988,0.38579529,0.00646858,0.18094512,1.32582202,0.00269200,0.18759720,0.13930764,0.45314630,0.00009518,0.12530400,0.00095172,0.01419012,0.08057460
Biotite,1.90098321,0.63818926,0.15914469,0.88972296,0.17864940,0.34416558,0.15089064,0.00200222,0.23799495,0.75692104,0.11295348,3.22964998,0.17162121,1.42683214,0.01915123,0.20874887,0.14551609,0.42903817,0.00420489,0.10518761,0.00144290,0.01115484,0.07342713
Biotite,1.91288254,0.63357033,0.02787152,0.96238700,0.19117688,0.33117932,0.17188968,0.00123216,0.25559952,0.76983637,0.13969804,1.09616039,0.17802992,1.40787063,0.00383744,0.20575102,0.14655701,0.44294136,0.00076109,0.11227227,0.00062955,0.01346510,0.07654715
Biotite,1.91557596,0.61349549,0.02295996,0.97550019,0.21764236,0.30547971,0.17656993,0.00377812,0.27338956,0.82475852,1.17359702,0.20609402,0.16583590,1.39578977,0.00144168,0.20123085,0.14221141,0.45090216,0.00061415,0.12803703,0.00173836,0.01324618,0.07712992
Biotite,1.88036914,0.63914261,0.12412486,0.86684183,0.18447139,0.33360421,0.15249510,0.00555620,0.23716718,0.76840860,0.12280381,3.84064375,0.17679411,1.44273068,0.01184242,0.20685510,0.14376585,0.44320662,0.00748636,0.10414969,0.00228689,0.01246595,0.06053930
Biotite,1.92211527,0.59984858,0.03311073,0.94636938,0.18711315,0.31844020,0.15466260,0.00210856,0.25077123,0.77681592,0.19060751,1.39647254,0.18001800,1.42451636,0.00620451,0.20254205,0.14367758,0.45188839,0.00108629,0.11508358,0.00109550,0.01274146,0.06893099
Biotite,1.91433927,0.60168543,0.03437978,0.96306131,0.19508376,0.31736566,0.17252038,0.00172122,0.25491204,0.81877195,0.30942331,1.21024984,0.17727721,1.37878971,0.00259563,0.19722833,0.14338835,0.45268002,0.00111271,0.11865653,0.00054394,0.01343334,0.07572930
Biotite,1.93169968,0.63148536,0.04074687,0.94692183,0.19351278,0.32601705,0.16951932,0.00109690,0.25258746,0.77894969,0.09081219,3.68525509,0.16326965,1.41470939,0.00706957,0.20530595,0.14396949,0.44151920,0.00222692,0.11407331,0.00085420,0.01246402,0.07490947
Biotite,1.89555217,0.58692098,0.02351385,0.97061575,0.20181839,0.30758050,0.17074860,0.00202378,0.27139298,0.84315350,0.35446734,0.15246864,0.18659728,1.34439821,0.00218053,0.19325415,0.13944618,0.45505961,0.00012756,0.11952268,0.00091833,0.01376593,0.07949209
Biotite,1.93772980,0.61686625,0.03480692,0.95858792,0.18845217,0.31138618,0.16414696,0.00409941,0.25694452,0.82145858,0.45975064,0.69870831,0.17578317,1.41194486,0.00246311,0.18945345,0.14308793,0.44819918,0.00126429,0.11843753,0.00187715,0.01400436,0.07942082
Biotite,1.92001767,0.58518394,0.02032119,0.96931373,0.21365076,0.31136135,0.15996844,0.00123454,0.27466375,0.86496350,0.37197212,0.02466765,0.19219134,1.38490401,0.00216414,0.19214686,0.13804331,0.45320509,0.00003616,0.12205694,0.00106839,0.01349536,0.07556646
Biotite,1.89659839,0.61435516,0.01484324,0.98647975,0.20213040,0.31993956,0.16731712,0.00099088,0.26693779,0.83009923,0.30054571,1.36634615,0.18398753,1.38338682,0.00211198,0.19898328,0.14358215,0.44849670,0.00058611,0.11956794,0.00046788,0.01358306,0.07403209
Biotite,1.88891241,0.59926891,0.04751183,0.96519422,0.19387141,0.31900002,0.15240771,0.00118552,0.24797042,0.79091933,0.18998960,1.54619393,0.17822427,1.42103047,0.00470722,0.20616079,0.14366914,0.45182090,0.00089706,0.10994401,0.00082290,0.01263372,0.06883837
Biotite,1.93226771,0.62059233,0.05589870,0.93404321,0.18656664,0.32162770,0.16250990,0.00339486,0.24557899,0.77641919,0.18376594,1.27758572,0.17846435,1.42102523,0.00629929,0.20288600,0.14362553,0.44705430,0.00153044,0.11057065,0.00143794,0.01290767,0.07251736
Biotite,1.91491711,0.58670761,0.02033731,0.97806640,0.20261327,0.31135732,0.17359899,0.00397260,0.26862850,0.84036492,0.99633638,0.36195579,0.18306440,1.33961893,0.00141692,0.19286321,0.14034955,0.45234708,0.00036817,0.12208600,0.00165751,0.01347577,0.07862905
Biotite,1.88209457,0.60797335,0.03338987,0.96096777,0.20276913,0.31501855,0.15716786,0.00309621,0.27004726,0.85216935,0.38607070,0.19289959,0.18803151,1.36518108,0.00353498,0.19410057,0.14221376,0.45479063,0.00022283,0.12013997,0.00120374,0.01427815,0.08019002
Biotite,1.90421871,0.60828781,0.03912873,0.94158079,0.18969014,0.32086621,0.16773864,0.00171914,0.25544645,0.81027999,0.20879559,1.42128479,0.18332989,1.39278213,0.00452811,0.20024041,0.14399755,0.44959805,0.00081163,0.10900936,0.00092522,0.01292093,0.07350657
Biotite,1.89646172,0.59781216,0.03102254,0.96705528,0.19963691,0.31497387,0.16178534,0.00205222,0.26567993,0.84833620,0.28740163,0.63038248,0.18547036,1.38574773,0.00326596,0.19606232,0.14210106,0.45040554,0.00046311,0.11943440,0.00095001,0.01298193,0.07267275
Biotite,1.92225024,0.60144317,0.03388938,0.95514632,0.19526966,0.31749126,0.16768770,0.00268479,0.25667808,0.82997839,0.35231098,0.44884108,0.18111998,1.41924553,0.00404285,0.19759459,0.14243742,0.44860556,0.00081719,0.11926195,0.00132722,0.01379821,0.07360151
Biotite,1.91157097,0.59656503,0.02141580,0.97828564,0.21526153,0.30657852,0.17224785,0.00253418,0.26664923,0.83866385,0.89794940,0.00020612,0.18613363,1.34312642,0.00154724,0.19304669,0.13719125,0.45151209,0.00000066,0.12030244,0.00143650,0.01395510,0.07960779
Biotite,1.91420221,0.59791654,0.03561347,0.95186000,0.19613131,0.31600709,0.15905815,0.00220746,0.25846494,0.84051204,0.34044254,0.39450788,0.18516916,1.42025521,0.00381472,0.20054589,0.14153970,0.44815225,0.00040937,0.11812516,0.00129825,0.01306913,0.07246799
Chlorite,1.51649834,1.39300604,0.04646385,0.07462025,0.00090253,0.91838001,0.20119284,0.00164946,0.00180059,0.00198565,0.02161459,18.92146901,0.00140975,1.30187714,0.01256917,0.35511378,0.27318848,0.29701562,0.00295779,0.00048923,0.00043348,0.00008229,0.06139851
Chlorite,1.49169012,1.36707347,0.01935449,0.15171095,0.00113283,0.89890169,0.19650220,0.00068332,0.00217697,0.00222774,0.12375764,,0.00000000,1.26884098,0.00582961,0.34478216,0.27392681,0.30457006,0.00205152,0.00066020,0.00003290,0.00000000,0.06012889
Chlorite,1.51120145,1.22739396,0.02461456,0.12675869,0.00136180,0.86852963,0.19254855,0.00443920,0.00201507,0.00254831,0.37174082,1.40140209,0.00474584,1.25922207,0.00571153,0.34463309,0.27234242,0.31131443,0.00239143,0.00086579,0.00131992,0.00074525,0.05908928
Chlorite,1.55257055,1.34001106,0.06249336,0.20630623,0.00367114,0.84789331,0.20218559,0.00543080,0.00959404,0.00744534,0.77373118,0.61538673,0.00411439,1.35000656,0.02843558,0.33295268,0.25237882,0.30686979,0.00464802,0.00152892,0.00122681,0.00036472,0.05866731
Chlorite,1.54024092,1.35860705,0.03473723,0.07268987,0.00074938,0.90242748,0.21038119,0.00251895,0.00157772,0.00265769,0.11910713,2.89680853,0.00110026,1.27670505,0.00719637,0.35184881,0.26879050,0.29849904,0.00232451,0.00076896,0.00078538,0.00020488,0.06165822
Chlorite,1.43383892,1.20746870,0.13306151,0.04323285,0.00182501,0.77634365,0.15611612,0.02710546,0.00678311,0.00822764,0.33884933,0.63226912,0.01330831,1.17194410,0.02954483,0.32851187,0.27221533,0.32594468,0.00693832,0.00116273,0.01010654,0.00076465,0.05157041
Chlorite,1.52206044,1.34518044,0.10201943,0.02164177,0.00108802,0.88014242,0.20590644,0.01436265,0.00217174,0.00214022,0.13564402,2.28975974,0.00365380,1.29049208,0.02500333,0.34110727,0.26444459,0.29605061,0.00732207,0.00067139,0.00233719,0.00083076,0.06149002
Chlorite,1.48583816,1.34870045,0.03767721,0.10095154,0.00099215,0.89921807,0.23748381,0.00225090,0.00176387,0.00207993,0.16380060,2.04074445,0.00068069,1.25433926,0.00786459,0.34174320,0.26829130,0.30358443,0.00147986,0.00058632,0.00055345,0.00001778,0.06519026
Chlorite,1.52929787,1.27945317,0.02478820,0.35384727,0.00739289,0.84450217,0.24218244,0.00867714,0.00911645,0.01842755,1323.44331600,0.05529117,0.00708659,1.22336319,0.00000524,0.31489026,0.26723051,0.30903872,0.00035987,0.00728118,0.00536346,0.00150370,0.07363157
Chlorite,1.49218942,1.34696844,0.05790288,0.10262650,0.00484176,0.88796043,0.18880630,0.00272559,0.00773734,0.00483013,0.07626172,6.83532272,0.00131397,1.26277399,0.01847050,0.34526452,0.26785357,0.29780829,0.00426647,0.00496699,0.00132225,0.00015703,0.05502881
Chlorite,1.52441050,1.22203568,0.02636620,0.29626930,0.00828122,0.79507373,0.28434287,0.01804352,0.01057774,0.01082691,1561.44858800,0.11853630,0.02541543,1.18162880,0.00000553,0.31257017,0.25997024,0.32639458,0.00048369,0.00533293,0.00557987,0.00186871,0.09070100
Chlorite,1.50447489,1.39203739,0.03991924,0.06712263,0.00127473,0.93746005,0.19420437,0.00035872,0.00241893,0.00252020,0.00885370,185.75743340,0.00004444,1.30086497,0.00826916,0.35691381,0.27565214,0.29828287,0.00352467,0.00069882,0.00006104,0.00000183,0.05715095
Chlorite,1.52237968,1.36731568,0.01263475,0.16760793,0.00209606,0.90575966,0.23631976,0.00462567,0.00354100,0.00348766,1.86158190,1.17502418,0.00716386,1.25434417,0.00044996,0.34418910,0.27645693,0.30471046,0.00162101,0.00113424,0.00140590,0.00024118,0.07218595
Chlorite,1.53044115,1.31769604,0.14941328,0.13362122,0.00443898,0.87669044,0.16391268,0.01644892,0.01342554,0.01345008,0.38144200,1.14316256,0.01566183,1.30745258,0.02531073,0.33268421,0.26062972,0.30731948,0.00783285,0.00444599,0.00786084,0.00083450,0.05595356
Chlorite,1.54382490,1.25252741,0.06488671,0.16913754,0.00305018,0.84612856,0.19112082,0.01090444,0.01432120,0.01409753,2.04755562,0.05416072,0.00927620,1.30708446,0.00529072,0.34080015,0.25118692,0.31509415,0.00932045,0.00270373,0.00652831,0.00051653,0.06738086
Chlorite,1.54759778,1.41421131,0.06345892,0.04148069,0.00059737,0.92042016,0.21354931,0.00118042,0.00178388,0.00157298,0.06674358,3.28220863,0.01062862,1.33138689,0.00552456,0.35652294,0.27090647,0.29554219,0.00221644,0.00059371,0.00032659,0.00065922,0.06237924
Chlorite,1.51694020,1.34185393,0.10474589,0.21623505,0.01070513,0.92585744,0.18400752,0.00572046,0.02047042,0.02301071,0.09070462,5.07515329,0.00690719,1.29593473,0.02476517,0.34504171,0.26609332,0.29606970,0.00898052,0.00602512,0.00245630,0.00038527,0.05570754
Chlorite,1.52204218,1.37044430,0.01724300,0.22804777,0.00163616,0.90329296,0.23780901,0.00308234,0.00308840,0.00349628,0.39277720,1.14790592,0.00841992,1.26546312,0.00288441,0.34480649,0.27325737,0.30350858,0.00071728,0.00097275,0.00118700,0.00080909,0.07052202
Chlorite,1.50711942,1.18307766,0.03334995,0.47650975,0.00407867,0.78776983,0.26841079,0.02283083,0.01879945,0.02390323,450.28391360,0.16020570,0.01969979,1.17077030,0.00049928,0.30490907,0.26057722,0.32857488,0.00117520,0.00646632,0.00743376,0.00103941,0.08831166
Chlorite,1.62634292,1.21247016,0.14792512,0.15072545,0.00665608,0.61533378,0.19174580,0.04509789,0.00547067,0.01932916,448.14899220,0.74647689,0.00694926,1.30229973,0.00027003,0.27060782,0.27592849,0.34589788,0.00153452,0.00433556,0.05503021,0.00065058,0.07460627
Chlorite,1.88008786,0.58246464,0.77187953,0.32817825,0.01472184,0.53928119,0.26007853,0.07268582,0.02178191,0.03307652,790.36713760,0.00000000,0.01263391,1.25097420,0.00015890,0.24494667,0.14445493,0.45340792,0.00000000,0.00675624,0.04494579,0.00101771,0.08156426
Chlorite,1.55714756,1.32119507,0.03617713,0.07685871,0.00116084,0.87066896,0.20056041,0.00220515,0.00234658,0.00183288,0.04028841,3.45961581,0.00600378,1.32498798,0.00470642,0.36232468,0.26983081,0.30027644,0.00201961,0.00046670,0.00051616,0.00000036,0.06084234
Chlorite,1.52164405,1.34747729,0.08077308,0.04740054,0.00131947,0.87462141,0.21048541,0.00556925,0.00245934,0.00261194,0.15569481,2.59535302,0.01190710,1.26790506,0.00976478,0.34190760,0.26802433,0.30947413,0.00447294,0.00071060,0.00183472,0.00040781,0.06549675
Chlorite,1.56451076,1.41810588,0.05072469,0.03921515,0.00059867,0.90708644,0.19994894,0.00195745,0.00121876,0.00131536,0.02478656,3.63762909,0.01165617,1.34611165,0.01116338,0.35903453,0.26814237,0.29516833,0.00112751,0.00038260,0.00029103,0.00065649,0.05995666
Chlorite,1.52022089,1.40611870,0.05402164,0.12549539,0.00095723,0.92500612,0.21153105,0.00135075,0.00172069,0.00102058,0.07728845,3.58489574,0.00661427,1.28977253,0.01615840,0.35337209,0.27217608,0.29649626,0.00122850,0.00033533,0.00046152,0.00042718,0.06287898
Chlorite,1.51685669,1.19854888,0.02883762,0.22253639,0.00258117,0.90245946,0.24397363,0.01000281,0.00365068,0.00569069,2.56429183,0.60471944,0.00790494,1.24218096,0.00199092,0.32129351,0.26975391,0.30687491,0.00116606,0.00151096,0.00090383,0.00064882,0.07927378
Chlorite,1.51911976,1.20036959,0.11457551,0.03073279,0.00123710,0.83076047,0.19666006,0.01689781,0.00221110,0.00289713,0.29993012,1.68310334,0.00348989,1.04808998,0.02249313,0.31358550,0.27224604,0.30659171,0.00495943,0.00091386,0.00753557,0.00027616,0.05437891
Chlorite,1.52440757,1.33052416,0.08101229,0.13579141,0.00660092,0.86553103,0.19774306,0.00398470,0.01830153,0.00329802,0.18643136,3.97954519,0.00413150,1.30413263,0.01196636,0.34446967,0.26627912,0.30696364,0.00539011,0.00367588,0.00241843,0.00019952,0.05829775
Enstatite,114.44461390,0.76762917,1.51004935,0.45025484,0.00927745,0.00918530,0.17041579,0.00396011,0.00806077,1.11935537,1.14747227,0.73062229,0.01938464,97.91472911,0.00297247,0.36718445,0.00336194,0.56018642,0.00101194,0.00507860,0.00250599,0.00087336,0.10403608
Enstatite,17737.15587000,0.84408911,63.71625023,0.41787326,0.00228741,0.00093747,0.03970314,0.00377549,0.00242167,11.58756079,1808.08942800,0.39810809,0.02214485,15855.79402000,0.00000097,0.44121184,0.00047703,0.53927492,0.00050571,0.00132607,0.00227305,0.00053095,0.02372487
Enstatite,555.02806380,0.84262327,4.03768251,0.42162601,0.00352744,0.00140087,0.04342375,0.00482307,0.00368044,2.09989115,2767.35159700,0.03324265,0.02533066,681.74129540,0.00000093,0.43257764,0.00062263,0.54445226,0.00026797,0.00176832,0.00257485,0.00058260,0.02333082
Enstatite,46.73216412,0.86513889,0.74051502,0.31855643,0.00517754,0.01816999,0.05444066,0.00163187,0.00719543,0.42256878,0.28494068,6.20779018,0.00862985,42.11454336,0.00462112,0.42104483,0.00869001,0.52397782,0.00601774,0.00119023,0.00182986,0.00027087,0.02117277
Enstatite,258.61784060,0.82183622,1.58554954,0.35888839,0.00351002,0.00339433,0.03866364,0.00526668,0.00293928,0.87667640,3217.18712500,0.03425020,0.02013767,244.09057700,0.00000097,0.43104578,0.00174876,0.54100033,0.00029189,0.00139856,0.00277664,0.00037690,0.02398555
Enstatite,489.70243130,0.82554943,3.17619973,0.43562376,0.00382830,0.00148452,0.04215707,0.00515139,0.00394838,2.56940150,2980.75319700,0.00033802,0.01620268,527.01698940,0.00000095,0.42759374,0.00081394,0.54444989,0.00000095,0.00209427,0.00282203,0.00043854,0.02212766
Enstatite,243.63165730,0.76259216,2.88200968,0.48185349,0.00566770,0.00576847,0.07289983,0.00792654,0.00566885,2.00936344,2631.00450500,0.00000000,0.01802204,229.11390290,0.00000144,0.39865424,0.00170072,0.57316172,0.00000000,0.00338719,0.00451270,0.00052356,0.03494985
Enstatite,103.82751940,0.80169664,1.09867204,0.57474901,0.00685313,0.00692189,0.04440903,0.00584717,0.00541911,0.87567081,2945.31094100,0.07720955,0.03471908,118.59916190,0.00000115,0.41531897,0.00325945,0.54931684,0.00056697,0.00381998,0.00321271,0.00047351,0.02452098
Enstatite,38.76494005,0.84789594,0.91124335,0.33905335,0.01086318,0.02231795,0.02771166,0.00445192,0.01101232,0.46240349,0.33895927,2.81875288,0.05695027,36.32770320,0.00719371,0.42755348,0.01170439,0.53074930,0.00660225,0.00471672,0.00190200,0.00043654,0.01362177
Enstatite,37.92390413,0.86133672,0.86165341,0.29739235,0.00866700,0.02458375,0.03818204,0.00544314,0.00944842,0.47113191,0.38990111,2.49696917,0.01535629,29.00334443,0.00902949,0.42118486,0.01355269,0.51428144,0.00829025,0.00477818,0.00315587,0.00030956,0.01921125
Enstatite,40.39021846,0.64181028,1.88551091,0.35597434,0.00695654,0.05165369,0.01361516,0.05560611,0.01224299,0.33473475,115.63690180,2.59740241,0.11714405,20.59594022,0.00471490,0.34128812,0.01626348,0.54583904,0.00597587,0.00469041,0.04747802,0.00045372,0.00874606
Enstatite,302.03081650,0.81195229,1.80777044,0.58947986,0.00668088,0.00794083,0.04846484,0.00466818,0.00360101,1.29362719,1541.28178900,0.47283382,0.02608346,147.96588260,0.00000122,0.41164703,0.00305872,0.54741005,0.00060432,0.00269327,0.00271279,0.00072534,0.02740159
Enstatite,33.05995895,0.82956288,0.62726614,0.41955766,0.01076046,0.02831664,0.03527275,0.00685648,0.01143285,0.42398701,0.68353926,1.66208355,0.03634807,35.23682038,0.00526079,0.41241175,0.01529546,0.53387604,0.00611306,0.00592984,0.00348278,0.00077789,0.01873781
Enstatite,29.79006866,0.77683807,1.26144446,0.38508557,0.01639232,0.02624835,0.02309178,0.00624822,0.01791100,0.58050696,0.12727064,2.74771286,0.07953873,24.53840164,0.01261985,0.39806046,0.01678183,0.53529384,0.00800819,0.00787541,0.00220644,0.00153899,0.02450691
Enstatite,692.82032420,0.85535850,3.80798248,0.34238433,0.00288952,0.00127651,0.03661050,0.00498953,0.00324903,2.47317637,3172.64844700,0.28098507,0.01848477,568.06355350,0.00000086,0.43928326,0.00056942,0.53541886,0.00052139,0.00197564,0.00257115,0.00038716,0.01961361
Enstatite,102.59865120,0.86290977,1.12927420,0.57663653,0.00360232,0.00886096,0.03176740,0.00361885,0.00838107,0.81857555,367.18190980,1.12737347,0.05201824,103.25091900,0.00078755,0.44311249,0.00472003,0.51861936,0.00306154,0.00321926,0.00294507,0.00063738,0.01648272
Hornblendee,5.08087561,0.49340089,2.26424314,0.03437580,0.00704433,0.09891447,0.04210007,0.16592333,0.00747789,0.07509056,3.04704766,0.00000000,0.27078820,4.53625088,0.02921524,0.24581224,0.05310792,0.54872948,0.00000000,0.00419464,0.09053057,0.00647735,0.02351476
Hornblendee,5.06637485,0.49400327,2.24502876,0.03233213,0.00692658,0.09511185,0.04375902,0.16604042,0.00769796,0.07597517,3.03721667,0.00000000,0.27492492,4.72287498,0.02966297,0.24624790,0.05294853,0.54728372,0.00000000,0.00416702,0.09053158,0.00654945,0.02308452
Hornblendee,5.04317295,0.45823402,2.60881679,0.04896569,0.01242829,0.09098585,0.04976026,0.20172277,0.01262294,0.13108234,4.56912966,0.00088070,0.31821360,4.49549742,0.02210533,0.23031353,0.05091241,0.54973869,0.00025364,0.00654716,0.10646429,0.00877120,0.02784069
Hornblendee,5.29603435,0.52647357,2.14476664,0.02073601,0.00469281,0.09790603,0.04077772,0.15695807,0.00484711,0.04569584,2.98086701,0.00608636,0.27139365,5.03550868,0.02912371,0.25949957,0.05297535,0.54068154,0.00076770,0.00246462,0.08496865,0.00574086,0.02111011
Hornblendee,4.93314878,0.53690844,1.95372976,0.02739089,0.00510249,0.10665583,0.03907867,0.15365872,0.00593470,0.06537122,2.50328567,0.00376761,0.24756321,4.55182526,0.03320700,0.26361592,0.05591214,0.53516316,0.00039926,0.00394312,0.08761976,0.00592089,0.02381139
Hornblendee,5.08610096,0.51543869,2.20672162,0.03008431,0.00543839,0.10157930,0.04179772,0.16535508,0.00649981,0.06629723,3.56046738,0.00046558,0.19741566,4.69409973,0.02596405,0.25577960,0.05436321,0.54109428,0.00004405,0.00351662,0.08927543,0.00575562,0.02274354
Hornblendee,5.44918069,0.46326403,2.49946488,0.03974128,0.00780557,0.08537073,0.06991717,0.23170180,0.00887708,0.19235442,8.33016754,0.00000000,0.22684585,4.38079192,0.01607388,0.23284738,0.04564287,0.54307725,0.00000000,0.00463238,0.11949297,0.01054608,0.04234095
Hornblendee,5.39822349,0.48679135,2.42110911,0.03459662,0.00655884,0.08993192,0.04209686,0.17576968,0.00653496,0.08202687,3.89729131,0.00000000,0.20622634,4.81395689,0.02395877,0.24536244,0.05217763,0.55022270,0.00000000,0.00389381,0.09534362,0.00492148,0.02309680
Hornblendee,5.39061141,0.46286122,2.63762926,0.03396393,0.00727189,0.08499549,0.04591138,0.19203284,0.00802560,0.09292691,7.11625713,0.00000000,0.20119219,4.82672590,0.01531429,0.22142528,0.04719625,0.55625064,0.00000000,0.00437505,0.10346353,0.00533830,0.02538613
Hornblendee,4.77584962,0.51240491,2.02527053,0.02919667,0.00629067,0.11172799,0.04264460,0.16604013,0.00681436,0.06480872,2.97807584,0.00154347,0.23336023,4.21319520,0.02949868,0.25521489,0.05864858,0.53620781,0.00035592,0.00390495,0.08885423,0.00540275,0.02283982
Hornblendee,5.65383191,0.53623220,2.00403618,0.02068533,0.00366958,0.09331202,0.03895012,0.15509979,0.00421002,0.05214795,3.08753676,0.01108062,0.22611416,5.13954926,0.02690494,0.26722299,0.05084790,0.53773762,0.00070984,0.00265472,0.08411395,0.00448352,0.02148702
Hornblendee,5.38823622,0.48516633,2.37977603,0.03335359,0.00648453,0.08940390,0.04347425,0.17506276,0.00736478,0.08557296,4.35517930,0.00000000,0.20029818,4.90092683,0.01898497,0.24470971,0.04935520,0.55272534,0.00000000,0.00432329,0.09661181,0.00489833,0.02412879
Hornblendee,5.34812989,0.48142512,2.29593126,0.03558306,0.00716447,0.08845639,0.04483431,0.18133742,0.00779934,0.08711489,4.88903835,0.00000000,0.18821930,4.82111982,0.01864005,0.24443787,0.04950183,0.55818531,0.00000000,0.00434767,0.09988363,0.00498248,0.02468007
Hornblendee,5.32810563,0.49902023,2.33056711,0.02989845,0.00592801,0.09328948,0.04323721,0.17592992,0.00670513,0.07135327,4.06742366,0.00000000,0.19861530,4.86580363,0.02353458,0.24596566,0.04925861,0.55062040,0.00000000,0.00355323,0.09359068,0.00489078,0.02390113
Hornblendee,6.63338688,0.45577852,3.39126134,0.03212001,0.00763198,0.07484253,0.07306288,0.24003098,0.00786563,0.10680438,8.08234660,0.00000000,0.20048576,5.26933530,0.01562912,0.21961014,0.03918984,0.53874299,0.00000000,0.00484992,0.12619342,0.00734811,0.03233774
Hornblendee,4.94483775,0.49877776,2.14773959,0.02761925,0.00581104,0.10360167,0.04304363,0.17008375,0.00680515,0.06420888,3.32238758,0.00205309,0.24314768,4.41391938,0.02832086,0.25288107,0.05574230,0.54007355,0.00009630,0.00387003,0.09178751,0.00547448,0.02327603
Hornblendee,4.57903353,0.45967774,2.37317987,0.04832838,0.01101229,0.09883690,0.05321456,0.20880628,0.01234368,0.11727203,5.77807795,0.00000000,0.29404671,4.04529028,0.01655889,0.21787180,0.05205506,0.54719890,0.00000000,0.00691274,0.11148610,0.00836175,0.03225548
Hornblendee,4.85414814,0.49490180,2.18036919,0.03413574,0.00711404,0.10270658,0.04270035,0.17111675,0.00813652,0.07396824,3.41455616,0.00000000,0.22369733,4.41416692,0.02594261,0.24562258,0.05535164,0.54709425,0.00000000,0.00432925,0.09300085,0.00520094,0.02319374
Hornblendee,4.77427358,0.54557717,1.94580149,0.05740425,0.00539050,0.12017993,0.03726596,0.15399344,0.01537987,0.05699658,1.73692054,0.06290561,0.27045788,4.56548918,0.04078008,0.26786004,0.06423258,0.51564516,0.00285268,0.00785118,0.07984233,0.00566290,0.01957384
Hornblendee,4.97758461,0.49482054,2.20300847,0.02878976,0.00557730,0.10042152,0.04380414,0.16891942,0.00618004,0.07385932,3.09871348,0.00221695,0.25174620,4.55417414,0.02971947,0.24972991,0.05480358,0.54180124,0.00019256,0.00393918,0.09092899,0.00606583,0.02375082
Hornblendee,5.87108764,0.49475930,2.58513853,0.02671262,0.00493737,0.08481550,0.04516435,0.16097067,0.00652881,0.06983436,3.51629444,0.00037139,0.29694835,5.10710668,0.02551988,0.24800651,0.04718584,0.55064304,0.00004297,0.00272810,0.09317020,0.00666734,0.02667287
Hornblendee,5.55121802,0.47334322,2.52212124,0.03157702,0.00632961,0.07535400,0.04647297,0.18196924,0.00700956,0.09386874,6.23467209,0.00000000,0.16752046,5.27420799,0.01783566,0.24151863,0.04325446,0.55754089,0.00000000,0.00398868,0.10679207,0.00458250,0.02711616
Hornblendee,6.81477288,0.48980658,3.77573632,0.02714916,0.00799868,0.07258351,0.07659799,0.23674886,0.00812895,0.11756730,7.54623270,0.00000000,0.15757231,6.05559477,0.01747388,0.23004995,0.03929341,0.54233994,0.00000000,0.00352369,0.13177147,0.00477108,0.04071626
Kaolinite,0.01912397,0.02213204,0.01369453,0.55710153,0.00620201,1.13363061,0.00322888,0.00319212,0.01346165,0.01162710,0.33310518,1.44753559,0.52041842,0.01627974,0.00566509,0.00895168,0.51837920,0.45479600,0.00235170,0.00611100,0.00149797,0.00070054,0.00146878
Kaolinite,0.03976579,0.04174649,0.05207486,0.29712253,0.00900039,1.04160854,0.00241601,0.00274439,0.01412331,0.02319290,0.14016128,13.24671693,0.29549776,0.03974032,0.02090944,0.01846340,0.48243585,0.45093621,0.02704090,0.01185442,0.00105111,0.00088954,0.00157650
Kaolinite,0.03563634,0.03503395,0.04632263,0.20282750,0.00596379,1.04775149,0.00338647,0.00125744,0.01403715,0.00659874,0.00837415,28.24098541,0.13852367,0.03374193,0.02161691,0.01406482,0.47944576,0.45713414,0.01485695,0.00560123,0.00045030,0.00008194,0.00175623
Kaolinite,0.02846479,0.02755913,0.03724197,0.22789315,0.00608550,1.05584040,0.00435616,0.00029243,0.01312601,0.00929570,0.01186429,240.32625600,0.19120741,0.02689233,0.01688045,0.01581862,0.48630170,0.46301844,0.00761944,0.00517088,0.00073681,0.00025382,0.00183965
Kaolinite,0.04582087,0.03583562,0.02641924,0.28478321,0.00677460,1.07062551,0.00584676,0.00307027,0.01445034,0.01349841,0.09613365,4.96221152,0.42198051,0.03213568,0.02073467,0.01820148,0.48205491,0.46151956,0.00783034,0.00673270,0.00157563,0.00086086,0.00200239
Kaolinite,0.01686287,0.01662472,0.00286464,0.80235078,0.00455460,1.12544399,0.00533817,0.00202366,0.00983569,0.01171468,2.41219846,0.30593543,0.20377682,0.00800456,0.00049184,0.00476562,0.52279268,0.46197445,0.00055760,0.00407556,0.00141092,0.00053675,0.00248884
Kaolinite,0.02792186,0.03164295,0.02907202,0.47445235,0.01287481,1.09686792,0.00340824,0.00543827,0.02347249,0.02505224,0.15715006,3.66974534,0.64189033,0.02409793,0.01361575,0.01278255,0.49770333,0.44692993,0.00746643,0.00996666,0.00227897,0.00153613,0.00152475
Kaolinite,0.02114840,0.02361993,0.00944248,0.44597500,0.00589872,1.10929780,0.00348576,0.00362364,0.01265851,0.01141708,0.27585666,1.46056916,0.44548012,0.01773650,0.00366805,0.00915747,0.51264747,0.45819160,0.00225687,0.00589454,0.00155782,0.00055353,0.00177839
Kaolinite,0.01154556,0.02096978,0.01505611,0.35006411,0.00463378,1.10616783,0.00452575,0.00122977,0.01412264,0.00564447,0.09435452,5.81551574,0.25890445,0.03854608,0.00868884,0.01040146,0.51234193,0.46184774,0.00372213,0.00449321,0.00043391,0.00032412,0.00207563
Kaolinite,0.03255679,0.02857170,0.04119656,0.36414370,0.00798540,1.00789393,0.00280882,0.00197357,0.01413688,0.01567166,0.08177551,16.36227528,0.45613707,0.02495483,0.01085346,0.01621543,0.48499522,0.46571542,0.01418247,0.00751043,0.00092293,0.00056142,0.00136945
Kaolinite,0.02900818,0.03210640,0.02505818,0.37078703,0.00729447,1.09395195,0.00347662,0.00296795,0.01578740,0.01430998,0.10483960,3.55501178,0.82409741,0.02604502,0.01119985,0.01306029,0.50251617,0.45540251,0.00490498,0.00726514,0.00143515,0.00114211,0.00157547
Kaolinite,0.02097957,0.02568249,0.01177036,0.59723949,0.00863165,1.11804110,0.00322737,0.00493827,0.01918876,0.01491979,0.57646819,1.52585800,1.00308878,0.01977150,0.00320908,0.00929025,0.51143750,0.46384650,0.00361384,0.00821855,0.00230478,0.00128919,0.00157363
Kaolinite,0.01319670,0.01490555,0.00266519,0.72806884,0.00316490,1.10152267,0.00480056,0.00151260,0.00581443,0.00516656,2.15658885,0.00713812,0.18222966,0.00943793,0.00025018,0.00492027,0.51759306,0.47034788,0.00003460,0.00290397,0.00057182,0.00028840,0.00233769
Kaolinite,0.02488553,0.02531323,0.03151791,0.37125987,0.01010667,1.07669297,0.00279884,0.00276734,0.02346819,0.01459912,0.08975297,8.05900648,0.47152765,0.02023178,0.01781885,0.01008401,0.49884083,0.45385138,0.01062283,0.00750241,0.00112016,0.00050533,0.00122377
Kaolinite,0.02127667,0.02756695,0.02252689,0.46572328,0.00706462,1.11093919,0.00264091,0.00324524,0.01275856,0.01399038,0.17353036,2.37864041,0.53016217,0.02319503,0.00515196,0.00992185,0.50776180,0.45399564,0.00336781,0.00553112,0.00166151,0.00060392,0.00129006
Kaolinite,0.02258612,0.02656108,0.01175761,0.55450611,0.00652134,1.15132651,0.00388001,0.00403886,0.02102261,0.01672515,0.44772905,1.25374754,0.35283273,0.01896470,0.00533289,0.01043375,0.52191187,0.44873400,0.00187429,0.00815911,0.00281860,0.00134249,0.00168516
Kaolinite,0.01669823,0.01889803,0.00457267,0.71651884,0.00592508,1.12812435,0.00550534,0.00300702,0.01148699,0.01145762,2.10411463,0.10994137,0.22382107,0.01178110,0.00051838,0.00594114,0.51797856,0.46279739,0.00053472,0.00399294,0.00176351,0.00056058,0.00249908
Kaolinite,0.02150176,0.02405440,0.02428116,0.36333329,0.00288679,1.11509363,0.00322674,0.00164152,0.00827775,0.00729713,0.09489832,5.93697920,0.18820752,0.01134192,0.00586990,0.00610473,0.51224783,0.45600519,0.00459973,0.00576680,0.00094433,0.00069689,0.00149399
Kaolinite,0.02234499,0.02371821,0.00839636,0.54289108,0.00630792,1.07983001,0.00387915,0.00250108,0.01441146,0.01249074,0.40174846,2.27618489,0.27030013,0.01781747,0.00260769,0.00843466,0.50054064,0.46798068,0.00271178,0.00604383,0.00117734,0.00062422,0.00241551
Kaolinite,0.02710465,0.03115428,0.00809616,0.62327669,0.00761463,1.07158139,0.00464658,0.00399938,0.01582464,0.01459292,0.41326763,2.46097316,0.35078545,0.02148252,0.00805260,0.01310238,0.50104575,0.46797577,0.00480946,0.00704383,0.00160735,0.00064214,0.00182526
Kaolinite,0.02564693,0.02631491,0.04037565,0.34243552,0.00767827,1.07546215,0.00264737,0.00221898,0.01444277,0.01649937,0.08879303,9.63305049,0.89096164,0.02290546,0.01366977,0.01142690,0.48936807,0.46305217,0.01249933,0.00909448,0.00100965,0.00129906,0.00123788
Labradorite,0.01001509,0.00757400,0.44693468,0.05458637,0.01167217,0.77307049,0.00409337,0.26629906,0.02059457,0.02546341,3.71103929,0.01785363,0.99947306,0.00515629,0.03879411,0.00176258,0.35795783,0.46460671,0.00223814,0.00837202,0.12372295,0.00271431,0.00157021
Labradorite,0.00927862,0.00703578,0.41339666,0.04646061,0.00862141,0.76200803,0.00266391,0.20992850,0.01468068,0.01906570,1.95300053,0.05525526,0.02672844,0.00604586,0.04972902,0.00213323,0.36118710,0.47304007,0.00545677,0.00739091,0.09984458,0.00003216,0.00120439
Labradorite,0.01068209,0.00880704,0.41608133,0.04423105,0.00835841,0.76130117,0.00247910,0.20540293,0.01484477,0.01941394,1.80273323,0.05694850,0.02229194,0.00689770,0.05290040,0.00269283,0.35948734,0.47361128,0.00530492,0.00699764,0.09719560,0.00004482,0.00121839
Labradorite,0.01181128,0.00956563,0.42181480,0.04971884,0.00920399,0.77140944,0.00267764,0.24349718,0.01695582,0.02190864,2.94794688,0.02139541,1.13064232,0.00866526,0.03853644,0.00307056,0.36104304,0.47001073,0.00229596,0.00794053,0.11457368,0.00184398,0.00141593
Labradorite,0.01433119,0.00950015,0.41912003,0.05146546,0.00983824,0.76235608,0.00277351,0.22447086,0.01724157,0.02373546,2.39990194,0.03202853,0.82555440,0.01003581,0.04413833,0.00357992,0.36044111,0.47266572,0.00427082,0.00881175,0.10545845,0.00097438,0.00137270
Microcline,0.02616133,0.01069564,0.05158586,0.93412817,0.18911035,0.36612425,0.00025465,0.00498472,0.24926755,0.68275264,0.21609585,2.49287643,1.67191889,0.02834606,0.01077393,0.00646081,0.22038091,0.60188380,0.00732625,0.15110765,0.00288546,0.00017230,0.00014566
Microcline,0.02085577,0.00754605,0.09665127,0.88710841,0.18479765,0.36926020,0.00034459,0.01175277,0.24815281,0.67997511,0.61773102,2.10376547,4.81779537,0.01404792,0.02243781,0.00518499,0.21598884,0.58772235,0.01729613,0.14784542,0.00740400,0.00101121,0.00020769
Microcline,0.01465911,0.00550121,0.12067859,0.84564626,0.18030179,0.36467088,0.00000127,0.01029812,0.24521010,0.67318218,0.31852631,2.13650579,,0.02030058,0.01827810,0.00376216,0.21639339,0.59318996,0.01448071,0.14591290,0.00708264,0.00013694,0.00000034
Microcline,0.02255821,0.00793558,0.10084249,0.88672992,0.18367887,0.36386606,0.00000315,0.00904317,0.25216621,0.68612841,0.39766772,1.98551216,114.00517950,0.01987130,0.01206834,0.00380321,0.21760672,0.59881335,0.01189249,0.14689512,0.00508471,0.00015719,0.00000247
Microcline,0.03013718,0.01141770,0.09193335,0.87578946,0.17658648,0.36893098,0.00000166,0.00744507,0.24074903,0.65575553,0.26771402,2.19154052,,0.02409025,0.01648213,0.00519605,0.21985267,0.59791594,0.00903813,0.14311794,0.00437041,0.00021503,0.00000107
Microcline,0.00435480,0.00519232,0.08046310,0.89462817,0.19060237,0.36198785,0.00000535,0.00631622,0.25375051,0.74889188,0.32117899,1.49892861,89.99614452,0.00815372,0.00598205,0.00330861,0.21821134,0.60221557,0.00355026,0.15845321,0.00385839,0.00025087,0.00000341
Microcline,0.01206048,0.00491903,0.07847780,0.90284108,0.18817323,0.36352300,0.00043246,0.01069023,0.25231638,0.70384291,0.55515655,1.65843379,5.40762397,0.01008357,0.01100431,0.00233323,0.21744756,0.59706713,0.01251322,0.15381053,0.00750320,0.00136653,0.00026214
Microcline,0.02178453,0.00790746,0.09131569,0.88756231,0.18032614,0.36179211,0.00035347,0.01462603,0.24660670,0.71075036,0.59628000,1.31332924,3.93986007,0.01991948,0.01237383,0.00459267,0.22123807,0.59728336,0.00371858,0.14999500,0.00865419,0.00184015,0.00032866
Microcline,0.02992999,0.01001601,0.14127585,0.80489366,0.16627278,0.37915469,0.00073672,0.01738402,0.24008288,0.62575443,0.43444391,1.42621639,2.02357195,0.02555156,0.02232301,0.00576958,0.22005745,0.58849038,0.01471746,0.13611147,0.00955653,0.00097388,0.00043220
Microcline,0.01504656,0.00548226,0.07517236,0.90567061,0.19008021,0.35031159,0.00042715,0.00990699,0.25702873,0.73227522,0.67827937,1.26007552,5.69272988,0.01475389,0.01001733,0.00303429,0.21236341,0.60749682,0.00829058,0.15495778,0.00637450,0.00143147,0.00025230
Microcline,0.01582120,0.00511979,0.04374148,0.90877278,0.18571436,0.36747734,0.00064438,0.00746180,0.25185416,0.67508555,0.36952786,1.96882514,1.47249326,0.00837449,0.01704912,0.00229614,0.22224650,0.59742327,0.01092882,0.15246800,0.00582243,0.00060781,0.00040315
Microcline,0.02775074,0.00902552,0.10584314,0.88393136,0.17969993,0.36974597,0.00059144,0.01078122,0.24634924,0.66599144,0.42241278,1.48917959,3.55306180,0.02312309,0.01905294,0.00598342,0.21719968,0.59023411,0.01214407,0.14592939,0.00726178,0.00078634,0.00031878
Microcline,0.00703006,0.01032426,0.12538245,0.81802899,0.18491228,0.36975121,0.00032868,0.01137178,0.25204127,0.67264084,0.58980658,1.48384605,4.33797203,0.01164940,0.02179915,0.00308278,0.21641662,0.59871991,0.01670356,0.15170946,0.00821398,0.00064735,0.00019359
Microcline,0.01368635,0.00521591,0.09885466,0.89725752,0.18698311,0.35254719,0.00036692,0.01196681,0.25168248,0.72375818,0.56066484,1.62270784,5.87848071,0.01185431,0.01456035,0.00305141,0.21552651,0.59743146,0.01173167,0.15196375,0.00726993,0.00133423,0.00021342
Microcline,0.00892088,0.00343773,0.09077257,0.88090873,0.19232309,0.35991161,0.00020712,0.01005211,0.25768345,0.71303530,0.85703035,1.74541934,12.22349339,0.01038929,0.00910546,0.00245724,0.21715183,0.60482767,0.00496585,0.15416406,0.00677540,0.00164223,0.00013764
Microcline,0.00514518,0.00164752,0.03914786,0.94966699,0.19359787,0.35741798,0.00017109,0.00672955,0.26390999,0.74470828,1.45566717,1.60745044,12.01434274,0.00456255,0.00446911,0.00090806,0.21494218,0.60629066,0.00731186,0.15969510,0.00473646,0.00055114,0.00007970
Montmorillonite,0.51630049,0.18056866,0.04328878,0.38208351,0.00790168,0.34928363,0.00417877,0.00733364,0.01113170,0.02888682,0.60817715,0.01064354,0.24215426,0.48654735,0.00735457,0.11289734,0.22390208,0.64415839,0.00011535,0.00717131,0.00386702,0.00056615,0.00243441
Montmorillonite,0.56513576,0.19772502,0.11132456,0.29936970,0.01494889,0.35385323,0.00431280,0.00547170,0.01193426,0.04989776,0.12824444,2.13688044,0.47299704,0.55073098,0.01852785,0.11852407,0.22274752,0.61406295,0.00827766,0.00825874,0.00210005,0.00099244,0.00262491
Montmorillonite,0.56148105,0.20069413,0.06919413,0.29248019,0.00637070,0.34700331,0.00671169,0.00514037,0.00816060,0.02558524,0.40502624,0.76772319,0.15723517,0.52299291,0.01050956,0.11784756,0.22062510,0.63345919,0.00236580,0.00484061,0.00311602,0.00032365,0.00363351
Montmorillonite,0.52631656,0.17535451,0.05060639,0.36826743,0.00790634,0.33710778,0.00534338,0.00931875,0.01234843,0.03498087,0.99562723,0.04419073,0.39080356,0.50476822,0.00566433,0.11130531,0.21922039,0.64218168,0.00005530,0.00698660,0.00700496,0.00144588,0.00349378
Montmorillonite,0.55757039,0.19262107,0.07388555,0.31659296,0.01100533,0.34285673,0.00498878,0.00887073,0.01403490,0.04125533,0.61065251,0.34698441,0.32005883,0.54287184,0.01197111,0.11837976,0.21743790,0.63384805,0.00168044,0.00881203,0.00758583,0.00118745,0.00313482
Montmorillonite,0.57906831,0.19744366,0.08619197,0.37344450,0.01250001,0.34808416,0.00487022,0.00631420,0.01674691,0.04887477,0.40880418,0.65434009,0.63409295,0.55906629,0.01270847,0.12000720,0.21733196,0.62527276,0.00362411,0.01018910,0.00451545,0.00144339,0.00288214
Montmorillonite,0.53386493,0.17934539,0.04259568,0.34132524,0.00492486,0.34027710,0.00603361,0.00196960,0.00408369,0.01415755,0.24017652,1.88971276,0.17694420,0.50684929,0.00833124,0.11284899,0.22013004,0.64585848,0.00280951,0.00525854,0.00211408,0.00090389,0.00387486
Montmorillonite,0.55269773,0.19346081,0.03838860,0.32284710,0.00458704,0.34394206,0.00412738,0.00374339,0.00930328,0.02234262,0.22963533,1.38137738,0.14629844,0.54241877,0.00691400,0.11893248,0.22215316,0.64155930,0.00237464,0.00695202,0.00228296,0.00046658,0.00261739
Montmorillonite,0.55911281,0.18332670,0.03167236,0.28489639,0.00647160,0.34187409,0.00546431,0.00284383,0.00914101,0.01450894,0.33158683,1.41401094,0.24717219,0.52382299,0.00682001,0.11693063,0.22042612,0.64347021,0.00225305,0.00412256,0.00215601,0.00094999,0.00374749
Montmorillonite,0.52206514,0.17621795,0.02435061,0.35338274,0.00374566,0.34088800,0.00567703,0.00208916,0.00558313,0.01408960,0.33039655,0.03148006,0.15225488,0.50449710,0.00410922,0.11146222,0.22133644,0.65445901,0.00011263,0.00337832,0.00137854,0.00055239,0.00376518
Montmorillonite,0.56136910,0.18605022,0.06774033,0.29436414,0.00783013,0.34402486,0.00584494,0.00722872,0.01426313,0.02917048,0.41348604,0.67716527,0.35572678,0.52708878,0.01510170,0.11504069,0.21615323,0.63231821,0.00274977,0.00674233,0.00476855,0.00128104,0.00388154
Montmorillonite,0.52015987,0.18011813,0.02688089,0.40132584,0.00483040,0.33808401,0.00480753,0.00473190,0.01046781,0.02422481,0.68471465,0.01043107,0.20555802,0.48683876,0.00284433,0.11327233,0.22130591,0.65755529,0.00000593,0.00463807,0.00283844,0.00055066,0.00327856
Montmorillonite,0.52742781,0.17618797,0.02772700,0.31754057,0.00306772,0.33671970,0.00550293,0.00187446,0.00416954,0.01189831,0.26714952,0.00032899,0.11242513,0.53281808,0.00588389,0.11543811,0.22022708,0.65520661,0.00000049,0.00262956,0.00134380,0.00032768,0.00363417
Montmorillonite,0.56044651,0.19324037,0.07474565,0.31575564,0.00721235,0.33964688,0.00528944,0.01099223,0.01185569,0.03480546,0.75063251,0.12016177,0.28543042,0.50331006,0.00386049,0.11581265,0.21790713,0.64952394,0.00124576,0.00836743,0.00515513,0.00103610,0.00338010
Montmorillonite,0.50836205,0.16668747,0.04164525,0.38514749,0.00624989,0.33735581,0.00552909,0.00685744,0.01192545,0.01816842,1.16079875,0.05883799,0.34835703,0.48361390,0.00274399,0.10717960,0.22097503,0.65357389,0.00004780,0.00791596,0.00597749,0.00134820,0.00366993
Montmorillonite,0.49780550,0.16505222,0.05056463,0.50216031,0.00816394,0.33426116,0.00650067,0.00435600,0.01311246,0.03492346,1.25922584,0.00336001,0.95518825,0.47878510,0.00152669,0.10512926,0.21973413,0.65084980,0.00004248,0.00652060,0.00284881,0.00336792,0.00446117
Montmorillonite,0.57929472,0.20165716,0.09283636,0.32212742,0.01197088,0.34906644,0.00483601,0.00893530,0.01614376,0.04400457,0.28414088,0.78451688,0.23261437,0.56749174,0.01464634,0.12255484,0.21670264,0.61846341,0.00337124,0.00969117,0.00590409,0.00066970,0.00297967
Montmorillonite,0.47544312,0.15347390,0.06768150,0.45642025,0.01065714,0.33074214,0.00890667,0.01991501,0.01657035,0.05073615,5.46572181,0.00561516,1.01563182,0.47810041,0.00130782,0.09187314,0.21621961,0.65160477,0.00008168,0.01207839,0.01093833,0.01085035,0.00549987
Montmorillonite,0.58994968,0.20986538,0.14585898,0.32846885,0.01465391,0.34822866,0.00516705,0.00940315,0.01881008,0.05310155,0.27427948,0.87727207,0.30463100,0.57200097,0.01787411,0.12503126,0.21458031,0.62021287,0.00449076,0.01170102,0.00609097,0.00087403,0.00272405
Montmorillonite,0.58695176,0.20772861,0.13108492,0.30110911,0.01410716,0.35529542,0.00466282,0.00825080,0.01841637,0.05295373,0.24103382,1.27705186,0.19142586,0.58306552,0.02333600,0.12583960,0.21538555,0.60581531,0.00513949,0.01149529,0.00505768,0.00079804,0.00286768
Montmorillonite,0.57697214,0.20152864,0.08625146,0.32914893,0.01228029,0.34691446,0.00462814,0.00686219,0.01834038,0.05393580,0.28322417,0.66172877,0.26643480,0.56666635,0.01759162,0.12282868,0.21701020,0.62532315,0.00377842,0.01112992,0.00606553,0.00077156,0.00295978
Montmorillonite,0.53458547,0.18559051,0.03678429,0.40751619,0.00704163,0.34384457,0.00407219,0.00322663,0.00662860,0.02869616,0.31620513,0.32107864,0.20819000,0.53008824,0.00525427,0.11506502,0.22274792,0.64272126,0.00061246,0.00661405,0.00136978,0.00070713,0.00267553
Illite (var. Muscovite),0.17685415,0.08450722,0.07895731,0.74095609,0.08028337,0.48837922,0.02058665,0.00527121,0.11092239,0.23023822,0.18078634,7.65937332,0.14639283,0.13044392,0.01627190,0.03519849,0.28008893,0.56890425,0.02277555,0.06081488,0.00235618,0.00186576,0.01154738
Illite (var. Muscovite),0.12894086,0.06559944,0.01356029,0.96002534,0.11617874,0.53153046,0.02714652,0.01098873,0.13682891,0.25477256,2518.40979800,2.73877327,0.30387020,0.07719936,0.00075749,0.02576378,0.32035434,0.55745640,0.01493676,0.12651596,0.00215511,0.00350780,0.01465920
Illite (var. Muscovite),0.10772006,0.04667698,0.00760010,0.95570364,0.05820496,0.61139531,0.01645572,0.00272139,0.07856353,0.17353438,93.53711548,6.71577999,0.11555290,0.06391628,0.00059876,0.00979447,0.32615348,0.54142474,0.01153590,0.02478173,0.00152572,0.00170416,0.01303775
Illite (var. Muscovite),0.04613916,0.05368411,0.00376773,0.94148608,0.05238468,0.67462356,0.01940654,0.00277028,0.09467762,0.20432027,578.92835950,3.92234299,0.96015861,0.03607664,0.00000189,0.00998550,0.39870341,0.54235170,0.00562633,0.03079057,0.00118977,0.00753214,0.00978965
Illite (var. Muscovite),0.16510012,0.09543625,0.04221010,0.84610918,0.08804007,0.55531505,0.02538673,0.00462923,0.13440516,0.23818103,0.25077338,7.23595490,0.28672651,0.11611605,0.01037632,0.03524098,0.30135660,0.54821510,0.02074591,0.06971136,0.00265797,0.00382899,0.01363450
Illite (var. Muscovite),0.20392929,0.08234499,0.08720009,0.72355978,0.07737987,0.52911437,0.03612101,0.00285741,0.11415644,0.21299489,0.31766649,10.40389641,0.15613820,0.10090660,0.00873675,0.03189950,0.29210663,0.55041012,0.02125074,0.06658378,0.00185964,0.00160426,0.01900502
Illite (var. Muscovite),0.10638280,0.09444549,0.05149115,0.86922827,0.07263688,0.67908205,0.02694192,0.00120959,0.10232304,0.21566411,0.07325203,13.70995309,0.17639174,0.09238688,0.01873915,0.03388740,0.34846093,0.50256023,0.01033173,0.05997044,0.00094451,0.00114070,0.01048135
Illite (var. Muscovite),0.18211189,0.08686902,0.07458096,0.75733175,0.06823241,0.47089650,0.02439448,0.00400427,0.10606272,0.22558827,0.14094785,8.16968793,0.18444678,0.14852002,0.01733615,0.03597471,0.27294374,0.56151351,0.02433680,0.06363434,0.00237805,0.00215844,0.01273883
Illite (var. Muscovite),0.13697388,0.06750638,0.00373717,0.98260215,0.07750688,0.54190979,0.02574096,0.00204714,0.11910774,0.26169965,772.38000990,4.12538463,1.02490837,0.08375167,0.00000145,0.02446789,0.30466333,0.57022053,0.00518069,0.07677314,0.00112386,0.00746408,0.01418071
Illite (var. Muscovite),0.18370139,0.10068790,0.02629942,0.83520638,0.06938598,0.54640079,0.02973758,0.00433258,0.10996177,0.20370280,0.72622166,5.01925399,0.12812252,0.12690181,0.01054612,0.03600320,0.30326550,0.55888380,0.01235555,0.06170949,0.00238665,0.00223041,0.01574477
Illite (var. Muscovite),0.17786717,0.07087217,0.04659034,0.88409742,0.06800089,0.58812975,0.02939141,0.00132572,0.11984545,0.20753812,0.11333442,14.04476559,0.13363209,0.10929192,0.01341971,0.02857291,0.32649214,0.54274816,0.01204308,0.06969596,0.00071088,0.00121119,0.01322366
Illite (var. Muscovite),0.18641788,0.10839753,0.09996493,0.65996129,0.06520929,0.52591508,0.02431905,0.00475513,0.11708852,0.19014508,0.11443991,9.49677409,0.05558587,0.14013449,0.02795818,0.03644692,0.28848895,0.54421252,0.02676318,0.06497205,0.00263121,0.00073237,0.01676888
Illite (var. Muscovite),0.16298320,0.09157283,0.04521817,0.84659753,0.08134701,0.54600441,0.02526157,0.00476587,0.14030801,0.24565441,0.25564274,7.23710102,0.28327826,0.12119966,0.01091608,0.03632438,0.30097861,0.54426961,0.01811585,0.07290047,0.00249026,0.00447017,0.01389888
Illite (var. Muscovite),0.20829478,0.09918289,0.01745460,0.93233840,0.05845590,0.49730272,0.03462109,0.00107579,0.08751556,0.19497743,0.13207336,14.48734611,0.03434932,0.13033209,0.00447400,0.03829703,0.28990171,0.58221011,0.00874752,0.05200113,0.00072808,0.00098687,0.02219558
Illite (var. Muscovite),0.17476181,0.09068310,0.03640979,0.85876938,0.07299605,0.54332156,0.02606469,0.00438045,0.10705541,0.20969108,0.36288042,5.24708508,0.29973429,0.11555995,0.00697526,0.03538472,0.30330885,0.55951227,0.01684137,0.06246312,0.00243793,0.00442422,0.01505467
Illite (var. Muscovite),0.16201750,0.09864638,0.09734433,0.63691494,0.06485694,0.60232278,0.03051035,0.01521798,0.10868349,0.18199797,0.74388149,1.13491584,0.08820560,0.15615802,0.01845848,0.04269809,0.30696077,0.53977503,0.01692175,0.05343000,0.01557876,0.00144621,0.01601672
Illite (var. Muscovite),0.17038924,0.09490833,0.05880290,0.78532367,0.08523193,0.52763291,0.02495033,0.00549659,0.13119927,0.23135537,0.25579368,8.08837512,0.24605135,0.12317498,0.01396182,0.03758626,0.29410876,0.54814920,0.02291887,0.06749195,0.00304777,0.00328882,0.01355500
Illite (var. Muscovite),0.16078734,0.09864021,0.10936396,0.63662164,0.06296821,0.57163142,0.02754086,0.02396190,0.10186765,0.18180957,0.56870385,2.46538533,0.08706540,0.14768990,0.01833968,0.03588848,0.30861542,0.53978697,0.01812635,0.05263153,0.01069724,0.00129779,0.01727649
Illite (var. Muscovite),0.15226448,0.05690943,0.04869305,0.80979939,0.07925651,0.73428913,0.02469909,0.00758971,0.14025196,0.18070802,0.26553192,6.87283660,0.18967208,0.07860605,0.01555706,0.03280455,0.35266198,0.50970937,0.02182562,0.05432628,0.00312247,0.00327435,0.00653102
Illite (var. Muscovite),0.14396612,0.07790359,0.01312135,0.87424378,0.08445834,0.54674307,0.02502012,0.00145901,0.13207258,0.24136042,0.22123822,14.63042022,0.15560625,0.10077400,0.00140995,0.02912873,0.30167620,0.55484154,0.01643181,0.06964209,0.00117662,0.00176136,0.01395569
Illite (var. Muscovite),0.19400424,0.10499864,0.05830381,0.76023306,0.06779478,0.53829060,0.03496684,0.00164328,0.10752656,0.19388107,0.04523573,22.27710345,0.06810646,0.15414931,0.01712683,0.04605953,0.29450400,0.54553389,0.01882109,0.05711086,0.00078273,0.00126134,0.01744093
Illite (var. Muscovite),0.18008176,0.09618057,0.04981063,0.79339158,0.06783523,0.54782708,0.03172460,0.00092708,0.10570964,0.18498319,0.04456339,45.08365863,0.06978733,0.12424498,0.01024834,0.03748116,0.30231721,0.56424100,0.01548829,0.05755405,0.00065264,0.00121915,0.01903128
Illite (var. Muscovite),0.17606218,0.08374402,0.05097399,0.78759499,0.07593703,0.54891851,0.02596465,0.00226588,0.11751661,0.19903113,0.05594065,17.39450997,0.08006411,0.11363740,0.01409321,0.03768879,0.30127959,0.54710808,0.01621551,0.06579646,0.00075378,0.00124117,0.01637100
Illite (var. Muscovite),0.19443416,0.09146713,0.11619391,0.72462839,0.07580958,0.53484084,0.02345313,0.00479153,0.11032920,0.21858574,0.13222396,9.60756868,0.05561088,0.12234213,0.02943913,0.04495703,0.28504587,0.53749258,0.02360097,0.06332402,0.00270232,0.00072170,0.01269066
Illite (var. Muscovite),0.20940272,0.11199097,0.06687794,0.74340030,0.07720685,0.49488124,0.03348011,0.00381420,0.11455698,0.23914961,0.12338038,11.45144958,0.23270006,0.14280425,0.01127662,0.03407331,0.26821783,0.57643007,0.02047820,0.06573212,0.00176662,0.00197035,0.01841414
Illite (var. Muscovite),0.12302818,0.10651420,0.06431916,0.81098759,0.09641568,0.66589584,0.03180163,0.01057436,0.12614406,0.20781854,0.27372887,2.94637787,0.16835673,0.10608532,0.01750543,0.04115565,0.33183193,0.48904831,0.01738387,0.08813115,0.00395435,0.00160584,0.01415574
Illite (var. Muscovite),0.14171337,0.07843447,0.02620922,0.86232736,0.08021905,0.54329550,0.02495656,0.00205643,0.12732795,0.24206268,0.41011012,14.82668881,0.15050664,0.09672492,0.00142825,0.03091903,0.30374530,0.54942345,0.01893539,0.06779206,0.00090315,0.00214445,0.01389977
Illite (var. Muscovite),0.20265011,0.10312777,0.04658345,0.82085815,0.07513680,0.49369068,0.02673466,0.00314777,0.11659669,0.23382914,0.19200529,11.09892355,0.10026803,0.12401900,0.01974754,0.04555404,0.27683054,0.55206459,0.01961877,0.06556512,0.00156971,0.00446542,0.01650144
Oligoclase,0.00136964,0.00069341,0.46157610,0.09006751,0.01516655,0.49037280,0.00069205,0.09490216,0.02252726,0.04536297,0.93709221,0.00647053,1.02981990,0.00054121,0.07383285,0.00006715,0.28385932,0.57344541,0.00139120,0.01303022,0.06402828,0.00034113,0.00029980
Oligoclase,0.00297007,0.00130792,0.51511229,0.09140726,0.01687153,0.50163351,0.00177524,0.14353110,0.02669956,0.04798038,1.96925299,0.00073436,1.09098400,0.00001767,0.04641270,0.00000391,0.27843723,0.56896315,0.00011985,0.01412145,0.10421560,0.00074640,0.00046644
Oligoclase,0.02171237,0.00716251,0.55944665,0.08146921,0.01709483,0.49644391,0.00020232,0.07583443,0.02562251,0.05098418,0.35431089,0.13181529,1.59972825,0.01311165,0.11243920,0.00608844,0.27455629,0.54985539,0.00540069,0.01481627,0.04080802,0.00019135,0.00011955
Oligoclase,0.00506405,0.00166032,0.51003333,0.08473362,0.01532740,0.49424166,0.00043349,0.08001893,0.02341120,0.04634524,0.46229916,0.10803369,0.75903791,0.00855251,0.09743926,0.00177557,0.27740545,0.56046022,0.00318989,0.01288902,0.04469539,0.00023421,0.00040825
Oligoclase,0.01189385,0.00317507,0.53645723,0.08652189,0.01703277,0.49527560,0.00034449,0.07653865,0.02535812,0.04893125,0.45557516,0.15388211,1.82133200,0.00860486,0.10605647,0.00455047,0.27564351,0.55914889,0.00442223,0.01379513,0.04223040,0.00035409,0.00019850
Oligoclase,0.01987125,0.01122444,0.55987678,0.09109024,0.01740683,0.50307906,0.00036908,0.07229290,0.02850407,0.05797337,0.34226274,0.19138534,1.71034097,0.01959175,0.11305899,0.00572631,0.27380507,0.54783202,0.00654197,0.01419014,0.04053708,0.00037131,0.00022823
Oligoclase,0.01915549,0.00868676,0.56204991,0.08456028,0.01725299,0.49548741,0.00030130,0.07469416,0.02588653,0.05727308,0.36944765,0.15745027,1.52475779,0.01572025,0.10567398,0.00584595,0.27505076,0.54973246,0.00507358,0.01367574,0.03891056,0.00020055,0.00027465
Oligoclase,0.00524571,0.00183556,0.47992531,0.09179649,0.01453122,0.48158385,0.00028233,0.09638955,0.02150333,0.04502122,0.71872753,0.07759520,2.34262295,0.00004460,0.07909559,0.00050101,0.28148787,0.57759345,0.00147864,0.01237809,0.04567902,0.00050190,0.00016914
Oligoclase,0.00138797,0.00075666,0.50099412,0.08370136,0.01488449,0.49700767,0.00036101,0.07866382,0.02173711,0.04464089,0.45489524,0.05590814,0.81617217,0.00064219,0.09660144,0.00018665,0.27995397,0.56370499,0.00246323,0.01307632,0.04404378,0.00016617,0.00020614
Oligoclase,0.00422193,0.00384522,0.48914957,0.08872019,0.01544415,0.48947812,0.00055272,0.08401016,0.02462899,0.04808854,0.52175494,0.09466235,1.14161598,0.00072694,0.08460110,0.00186150,0.27812893,0.56268838,0.00182567,0.01333377,0.04584310,0.00026964,0.00035649
Oligoclase,0.00538283,0.00420676,0.58253873,0.06780749,0.01290761,0.49461269,0.00033810,0.06992326,0.02122468,0.04119071,0.33536170,0.11668495,0.75325100,0.01143591,0.11703352,0.00300581,0.27426142,0.55503965,0.00436478,0.01298069,0.03913842,0.00010256,0.00022156
Oligoclase,0.02111066,0.01089624,0.52452014,0.08452793,0.01739141,0.49576880,0.00023234,0.07278267,0.02478912,0.05317078,0.36599774,0.12819919,1.48087550,0.01619746,0.10623795,0.00596887,0.27357446,0.55417974,0.00506449,0.01462833,0.03910992,0.00019340,0.00021975
Oligoclase,0.00200027,0.00134824,0.51520348,0.07749704,0.01452007,0.48702170,0.00051331,0.06808422,0.02046945,0.04242434,0.36489781,0.10260743,0.00814512,0.00152733,0.10180800,0.00067823,0.27627159,0.56658054,0.00403753,0.01150326,0.03877282,0.00000271,0.00022844
Oligoclase,0.01146432,0.00605512,0.51031441,0.08898756,0.01683940,0.49162240,0.00055420,0.07720282,0.02527476,0.05053601,0.42457492,0.11626204,1.11255378,0.01031873,0.09942536,0.00291577,0.27603037,0.56050711,0.00521991,0.01419754,0.04330221,0.00037284,0.00028813
Pigeonite,5.69330675,0.69520592,0.08391444,0.19441957,0.00198725,0.12270946,0.12549579,0.01008256,0.00225099,0.01878865,5683.80660300,0.00956217,0.01020930,4.47972009,0.00000096,0.31077272,0.06889159,0.54618748,0.00004189,0.00108164,0.00552682,0.00066035,0.06849610
Pigeonite,7.20169210,0.70530232,0.12590105,0.11705817,0.00160712,0.11494617,0.13485714,0.01266423,0.00205025,0.01175094,6729.18809100,0.01287990,0.02538354,5.02336357,0.00000117,0.31655292,0.06274411,0.55105859,0.00012764,0.00101778,0.00704589,0.00094111,0.08483129
Pigeonite,5.99925367,0.71033385,0.07473246,0.12645603,0.00113983,0.12537884,0.11894522,0.00926730,0.00132164,0.01067864,5435.10322200,0.15342752,0.00791872,5.07429836,0.00000092,0.32506900,0.06277304,0.53488712,0.00078164,0.00071283,0.00490087,0.00050555,0.06079230
Pigeonite,7.86496856,0.71019513,0.17772195,0.05787888,0.00152999,0.08997409,0.11338372,0.01713282,0.00079247,0.00815782,44.78539699,0.16392404,0.01299543,5.93841128,0.00019549,0.32341599,0.06375988,0.54559856,0.00041719,0.00071726,0.00997038,0.00093850,0.06161540
Pigeonite,5.71445417,0.73468500,0.18132307,0.26159946,0.00784697,0.14462313,0.11208115,0.01273032,0.00805648,0.05308478,0.75950611,0.96420975,0.02731531,4.45435806,0.00843574,0.32875553,0.07785057,0.51651138,0.00632532,0.00543973,0.00693299,0.00128721,0.05601768
Pigeonite,5.82556159,0.73813599,0.38539261,0.17922548,0.00815849,0.11082941,0.20144245,0.02133085,0.00534527,0.14806505,9718.00355600,0.00312805,0.06333146,4.12544770,0.00000198,0.30148993,0.06017783,0.52344135,0.00009118,0.01030188,0.02090405,0.00557218,0.11130211
Pigeonite,5.93148473,0.70045119,0.22311547,0.15729444,0.00280250,0.11912020,0.15900220,0.02076668,0.00498880,0.04985342,33.29812264,0.01325645,0.03870532,4.79305081,0.00042293,0.28374365,0.06351580,0.54223691,0.00002216,0.00247370,0.01308162,0.00235863,0.09037517
Pigeonite,6.53077231,0.74908499,0.20667919,0.17350223,0.00645862,0.10498603,0.18451742,0.01665651,0.00672655,0.02922955,18.57167825,0.01032277,0.01231947,4.86991736,0.00054341,0.28027853,0.05483084,0.53162495,0.00003316,0.00209411,0.01180783,0.00089864,0.09450268
Pigeonite,5.68144406,0.69312084,0.08722331,0.08504985,0.00108641,0.12150645,0.13394503,0.01385154,0.00141142,0.01321865,6215.41921300,0.00638392,0.01047130,4.43392305,0.00000110,0.30419662,0.06710243,0.54689731,0.00009794,0.00066277,0.00613478,0.00080780,0.07568901
Pigeonite,5.09512812,0.74899714,0.41004982,0.07936357,0.00796438,0.12982679,0.09928800,0.01797419,0.00661794,0.07106876,1.40116470,0.46347152,0.01762617,4.93324036,0.00887861,0.33427115,0.06745027,0.51184819,0.00589265,0.00351330,0.01685524,0.00147486,0.04876631
Pigeonite,5.67422352,0.70023917,0.12950751,0.07814340,0.00144795,0.12110473,0.12724074,0.01435380,0.00164685,0.01271904,8449.65532500,0.02167424,0.03258522,4.62062381,0.00000103,0.30855659,0.06674533,0.54222169,0.00021401,0.00061425,0.00809046,0.00247773,0.06941805
Pigeonite,6.41592685,0.69611739,0.16031541,0.09848662,0.00179267,0.11751645,0.11995625,0.01600255,0.00178463,0.01765881,31.69229901,0.01688273,0.01151543,4.94222811,0.00033793,0.31500342,0.06389117,0.54592765,0.00019721,0.00103095,0.01062849,0.00078063,0.06451672
Pigeonite,6.39063367,0.70914714,0.39820022,0.24408502,0.01585203,0.13177941,0.27539107,0.04557567,0.00279485,0.05711348,24319.90318000,0.01096956,0.06299240,4.27655724,0.00000232,0.28387369,0.06622231,0.52974984,0.00056967,0.00613804,0.02370386,0.00730844,0.15944172
Pigeonite,5.01086711,0.74569328,0.26865119,0.26423126,0.01066524,0.14296884,0.10942937,0.01344947,0.01194757,0.08629872,0.48111088,1.11065472,0.02684941,4.83800875,0.01108547,0.31704651,0.07552441,0.51422570,0.00727827,0.00625326,0.00669288,0.00134202,0.05738202
Pigeonite,6.00892129,0.72099510,0.06971207,0.14258118,0.00115792,0.12169934,0.12064491,0.00810703,0.00132006,0.01096633,5042.18147200,0.16313155,0.00972060,4.78938649,0.00000090,0.32395419,0.06685734,0.53916993,0.00060043,0.00069653,0.00474367,0.00061323,0.06471470
Pigeonite,5.57379919,0.69762199,0.14035480,0.07541246,0.00140258,0.12431756,0.14606246,0.02095842,0.00162751,0.01864092,9090.32842500,0.00081164,0.02320093,4.24038459,0.00000113,0.29295543,0.06767633,0.54394094,0.00001028,0.00054012,0.01207024,0.00257533,0.07808104
Pigeonite,5.57618168,0.68645852,0.12295162,0.12373473,0.00247270,0.12258411,0.14429002,0.01485650,0.00288920,0.02303781,7631.05614600,0.00001268,0.01263895,4.34541834,0.00000117,0.30112523,0.06668412,0.55129581,0.00000006,0.00138786,0.00833412,0.00102213,0.07185659
Pigeonite,6.30066477,0.70055441,0.07770835,0.12663408,0.00116867,0.12564996,0.12421360,0.00932536,0.00126323,0.01202471,5353.84420000,0.13550466,0.00958124,5.03054389,0.00000093,0.31611336,0.06163272,0.54614994,0.00051957,0.00081877,0.00505386,0.00056126,0.06772961
Pigeonite,5.66083485,0.68894392,0.10114260,0.12511519,0.00111738,0.12216867,0.13152260,0.01383516,0.00158689,0.01148830,6451.47059100,0.00768731,0.01069365,4.53720695,0.00000109,0.29595641,0.06673483,0.54691706,0.00007018,0.00083227,0.00649793,0.00081816,0.07581587
Pigeonite,4.53408692,0.68149963,0.22964875,0.24108197,0.00671891,0.13084165,0.15198599,0.01358688,0.01283268,0.05927331,1.34556898,0.44536300,0.01252193,3.98198095,0.00926801,0.28532753,0.08087205,0.52729701,0.00452318,0.00658288,0.00892869,0.00192282,0.07571984
Pigeonite,4.71361070,0.76142627,0.31532811,0.22441585,0.01056581,0.13917720,0.10432312,0.03005715,0.01346109,0.08880901,0.91210669,0.68235284,0.03254786,4.79846889,0.01293696,0.32288077,0.07994937,0.51484467,0.00608285,0.00678185,0.01233450,0.00195036,0.05379000
Pigeonite,5.67574147,0.70268074,0.09027186,0.11556869,0.00142211,0.12563245,0.12313097,0.01215408,0.00145929,0.01167586,7244.75322800,0.05288290,0.01764696,4.72629532,0.00000090,0.31689272,0.06645074,0.54179562,0.00034252,0.00090446,0.00618101,0.00422597,0.06607242
Pigeonite,5.73035206,0.69270120,0.14053736,0.10383700,0.00235038,0.11922524,0.13461859,0.01739594,0.00267420,0.01588450,211.36937780,0.01163756,0.01108612,4.25831256,0.00036046,0.29603566,0.06501031,0.54819541,0.00012434,0.00100393,0.01053209,0.00080132,0.08033122
Pigeonite,6.72080988,0.69369459,0.13088464,0.12211951,0.00175059,0.11995335,0.14361754,0.01440627,0.00200289,0.02027226,6902.77794100,0.00000719,0.03506297,5.35469210,0.00000118,0.30683114,0.06075102,0.54639974,0.00000045,0.00111650,0.00771917,0.00215618,0.07170858
Pigeonite,5.99947101,0.69151018,0.12405292,0.09304626,0.00112404,0.09504130,0.15451317,0.01445938,0.00139462,0.01077465,6826.53769000,0.00000000,0.02540209,4.70354315,0.00000119,0.29532538,0.05419074,0.54863631,0.00000000,0.00113495,0.00779026,0.00085126,0.08537841
Pigeonite,5.54979141,0.73626450,0.27134196,0.22974371,0.01056580,0.13452459,0.11247021,0.01244575,0.01233446,0.08593260,0.45860465,1.20438164,0.02450149,4.51385669,0.01236127,0.33488719,0.07096279,0.51217474,0.00774794,0.00635550,0.00633111,0.00123149,0.05767597
Pigeonite,5.81550737,0.70686279,0.07397450,0.14317616,0.00128481,0.12095316,0.12390869,0.00893476,0.00142753,0.01012298,5454.47096800,0.21199398,0.00937270,4.84252358,0.00000094,0.31678422,0.06725663,0.54276809,0.00030097,0.00094286,0.00480272,0.00068170,0.06635835
Palygorskite,0.95171360,0.24186723,0.09166108,0.34429352,0.01030575,0.25552765,0.00062930,0.01092200,0.01295673,0.05011676,0.62792722,1.69989476,0.98149488,0.96152296,0.00861114,0.15623925,0.16308614,0.63802321,0.01198971,0.00899537,0.00701114,0.00038692,0.00040708
Palygorskite,0.97249796,0.22492232,0.07658485,0.44170482,0.01217971,0.25256058,0.00061012,0.00968225,0.01478832,0.06148837,0.61948692,1.39628031,0.95508005,0.96562869,0.00621423,0.13898731,0.15652353,0.66096740,0.00998517,0.00975146,0.00630146,0.00034038,0.00041672
Palygorskite,0.98343918,0.24309131,0.11155799,0.37284667,0.01138487,0.25531573,0.00148344,0.00553087,0.01587617,0.05735754,0.27708529,4.52162977,1.07659892,0.95926049,0.01140615,0.15996345,0.16328899,0.63866590,0.01767745,0.00952379,0.00394388,0.00178576,0.00092446
Palygorskite,0.94050541,0.22872683,0.12218935,0.45017694,0.01339208,0.24311727,0.00062491,0.02187089,0.01385007,0.06260112,4.02734187,0.86643453,1.99056262,0.95641616,0.00622565,0.14843223,0.15874482,0.65207678,0.01005420,0.00828093,0.01235115,0.00077707,0.00043659
Palygorskite,0.82021228,0.20959836,0.04480858,0.52378083,0.00999736,0.24978183,0.00085155,0.00521676,0.01594895,0.05530552,0.86685341,2.55145945,0.71998580,0.87924934,0.00607153,0.14697742,0.16267538,0.67191039,0.00834060,0.00975856,0.00416153,0.00032167,0.00034595
Palygorskite,0.96849582,0.24603469,0.08913670,0.34402822,0.00994708,0.25129653,0.00057720,0.01133524,0.01277680,0.05638612,0.67172934,1.68631109,1.47635176,0.97422037,0.00845493,0.15973478,0.15948319,0.64617887,0.00873000,0.00892359,0.00590109,0.00044816,0.00030493
Palygorskite,0.86969748,0.19737149,0.01358592,0.49156682,0.00370740,0.21253706,0.00131274,0.00321154,0.00474936,0.02629461,1868.70824500,3.17493181,1.71717328,0.87878672,0.00000112,0.12534992,0.16269621,0.69947808,0.00571202,0.00598077,0.00224368,0.00047773,0.00039623
Palygorskite,0.88112334,0.21585425,0.05262768,0.40000560,0.00331293,0.24583419,0.00218522,0.01256406,0.00488110,0.01406927,191.41894960,2.52092780,0.72444456,0.87270189,0.00004404,0.14346397,0.16403925,0.66829682,0.01215732,0.00633000,0.00490446,0.00039622,0.00060613
Palygorskite,0.96867345,0.22574423,0.02751017,0.49901495,0.00265455,0.24119756,0.00149302,0.00223505,0.01169185,0.03203857,1.05557044,11.16410217,0.07430312,0.93171664,0.00191623,0.15458330,0.16292220,0.66803994,0.01138626,0.00607267,0.00126957,0.00021411,0.00122875
Palygorskite,0.80208085,0.19829817,0.03088615,0.63355307,0.00918741,0.24913836,0.00208467,0.00529900,0.01081689,0.05175775,3.09523085,2.24141148,0.87241161,0.87635423,0.00108372,0.13279485,0.16618562,0.68682230,0.00625524,0.00852201,0.00354195,0.00045680,0.00127541
Palygorskite,0.94696291,0.24761340,0.11800338,0.34551649,0.01151506,0.25073818,0.00060030,0.01222326,0.01057472,0.05069221,0.62812965,1.67757340,0.99822111,0.93690352,0.01106688,0.14943994,0.16194960,0.64288626,0.01240056,0.00709019,0.00819841,0.00046847,0.00039066
Palygorskite,0.92449801,0.23959377,0.13316046,0.32699069,0.01379341,0.25926240,0.00183694,0.00745974,0.01670995,0.06759073,0.27472234,4.58418751,1.89189976,0.92311459,0.01797745,0.14840581,0.16208534,0.62793710,0.02755665,0.01121906,0.00474095,0.00226507,0.00111372
Palygorskite,0.83254077,0.20455349,0.02078143,0.21011383,0.00939017,0.24834448,0.00256813,0.00577090,0.00451152,0.05520810,5.16763272,2.15655478,0.20033602,0.82986562,0.00052972,0.13485076,0.16781285,0.67450354,0.00611077,0.00752165,0.00383266,0.00031657,0.00188581
Palygorskite,0.91095729,0.22468476,0.00444222,0.58610508,0.00182395,0.24250845,0.00199561,0.00072883,0.00187113,0.00933635,2.34140318,26.24029433,0.09098824,0.90307768,0.00045763,0.14971297,0.16309900,0.66866698,0.02190936,0.00162655,0.00030346,0.00011942,0.00134498
Palygorskite,0.82565267,0.21504062,0.00758478,0.64755220,0.00773526,0.25501372,0.00173981,0.00237475,0.01669531,0.05424880,4.08285922,85.03086119,0.90643241,0.84739570,0.01353798,0.12707389,0.15660264,0.68873859,0.02648396,0.00830699,0.00385808,0.00213254,0.00119159
Palygorskite,0.83682240,0.18717583,0.01125441,0.79339964,0.00516514,0.23440132,0.00045189,0.00280262,0.00293239,0.02547484,1650.13689400,1.72505107,1.26045422,0.86778938,0.00000122,0.14362538,0.15903943,0.68649252,0.00169819,0.00101155,0.00170496,0.00068063,0.00047775
Palygorskite,0.91631223,0.22439671,0.09741031,0.32368394,0.00572479,0.24800199,0.00178195,0.00585735,0.00953478,0.04855896,0.28609912,15.55946398,1.78545440,0.90716639,0.00667568,0.14625743,0.16183362,0.65395663,0.01783321,0.00999678,0.00327245,0.00197301,0.00159481
Palygorskite,0.87813038,0.21162143,0.01447634,0.54052220,0.00879425,0.24162488,0.00246591,0.00596002,0.00328015,0.05761449,84.08862632,3.17019265,0.31881237,0.87295273,0.00079696,0.14178297,0.16260234,0.67553699,0.01148799,0.00850191,0.00281621,0.00030410,0.00089864
Palygorskite,0.98201610,0.26798730,0.16783459,0.29754679,0.01469490,0.26126303,0.00072976,0.00896733,0.01892889,0.07062762,0.20362141,5.21640933,4.42416539,0.96684073,0.02244576,0.15871308,0.16214864,0.61739833,0.02430647,0.01157592,0.00470538,0.00213166,0.00122594
Palygorskite,0.99748969,0.24257571,0.08920725,0.43314912,0.01274674,0.24820600,0.00052407,0.00962592,0.01536824,0.05085713,0.89343336,1.68656521,1.25925104,0.99827634,0.00786732,0.15827945,0.16227586,0.64685862,0.01108612,0.00958653,0.00588865,0.00046252,0.00037637
Palygorskite,1.02510962,0.25401952,0.13508318,0.31953674,0.01361020,0.25720267,0.00083090,0.00692551,0.01916909,0.06841311,0.20921388,5.09589789,2.19391260,0.96978722,0.02222144,0.15061106,0.16082329,0.62880839,0.02104581,0.01097772,0.00403692,0.00195097,0.00054457
Palygorskite,0.81199948,0.17680225,0.01171128,0.08744132,0.00062594,0.21932283,0.00113249,0.00197322,0.00030943,0.00343463,872.91207290,0.83263361,0.61413752,0.80186805,0.00000166,0.12753807,0.15827829,0.70952328,0.00071799,0.00048451,0.00174817,0.00043091,0.00081058
Palygorskite,0.85158064,0.18996232,0.02789964,0.37286746,0.00354635,0.22266553,0.00124539,0.00927557,0.00373630,0.01096867,4251.45949000,2.69900197,0.36180855,0.84764694,0.00000144,0.13038834,0.15143017,0.70647791,0.00659518,0.00483751,0.00725280,0.00021596,0.00092705
Palygorskite,0.81322783,0.18005167,0.00681532,0.60418230,0.00192121,0.22683751,0.00072622,0.00156271,0.00272684,0.02979297,1024.50347800,1.36722395,1.07570734,0.86200995,0.00000132,0.13995317,0.15841239,0.68531860,0.00150616,0.00378044,0.00109093,0.00038364,0.00038426
Palygorskite,0.76483617,0.16539383,0.04206215,0.50026800,0.00712557,0.15033997,0.00092948,0.00445542,0.00347938,0.06419850,3280.40220100,0.82284757,0.10492405,0.74508625,0.00000121,0.06454083,0.14408705,0.76312505,0.00573555,0.00339883,0.00319244,0.00018707,0.00074433
Palygorskite,0.83459883,0.18271663,0.00967870,0.21506798,0.00084687,0.24222077,0.00131672,0.00294567,0.00119426,0.00410172,290.11904260,2.73199649,0.30258423,0.82329315,0.00015557,0.13017090,0.15780977,0.68794733,0.00555087,0.00084351,0.00140811,0.00021716,0.00108793
Spinel,0.53968494,557.88042480,0.00319593,0.73426655,0.00941566,884.12390000,110.82025180,1.43858431,5.20741892,0.00943634,723.12387060,0.05653976,0.02762510,0.38147913,0.00000298,0.24740610,0.64308978,0.00076265,0.00011519,0.00615175,0.00210387,0.00191079,0.09411016
Spinel,0.45640036,112.71023660,0.00003932,0.98467516,0.00661173,294.16061540,3.20404513,0.01352070,0.45063581,0.00311757,0.83314899,,0.01289383,0.40994906,0.00003059,0.27707296,0.67515073,0.01022593,0.00302281,0.00449160,0.00002265,0.00017043,0.03181894
Spinel,0.45583278,714.99389080,0.00000124,0.99887682,0.00192326,1452.69318200,24.29498040,0.00225358,5.47096744,0.00189889,0.98486284,,0.00673312,0.41035911,0.00000092,0.28006365,0.68204396,0.00372175,0.00206526,0.00195579,0.00000065,0.00020127,0.03583761
Spinel,0.46397951,349.44640030,0.00002977,0.97286871,0.00240581,1032.19642100,31.33784320,0.01667027,2.27504262,0.00206980,0.90544950,,0.01237708,0.41061130,0.00000145,0.27808004,0.67752194,0.00116020,0.00469391,0.00151904,0.00000333,0.00027941,0.03476722
Spinel,0.45287526,268.05880690,0.00004526,0.99242931,0.00230520,544.74099560,26.59254539,0.00001936,1.22856106,0.00192425,0.07154317,,0.00786326,0.40998649,0.00001468,0.27934304,0.68255162,0.00119267,0.00263791,0.00120636,0.00000464,0.00029102,0.03147168
Spinel,0.46065700,782.54021300,0.00000282,0.99895589,0.00182402,868.05806450,45.13897362,0.00180343,3.99283141,0.00213351,1.00000000,1117.04328200,0.00289476,0.41213273,0.00000082,0.28074979,0.68208262,0.00069388,0.00103893,0.00154890,0.00000089,0.00025517,0.03386129
Spinel,0.45035658,36.33611852,0.00002773,0.98577448,0.00271885,374.13507060,16.39493022,0.00926765,0.51556361,0.00274904,139.05364520,,0.01947732,0.38417628,0.00000084,0.27416057,0.68564959,0.01545155,0.00074439,0.00168172,0.00022637,0.00076247,0.03356261
Spinel,0.45535610,390.97291730,0.00000253,0.99843047,0.00270027,921.84045760,90.56988056,0.00171614,4.98419633,0.00273139,1.00000000,1108.32767500,0.00339566,0.41024637,0.00000096,0.27853756,0.68157853,0.00043117,0.00107885,0.00102891,0.00000084,0.00009516,0.03608536
Spinel,0.45522762,396.90837670,0.00000230,0.99840346,0.00149591,1072.83958600,46.86689800,0.00072432,1.37469485,0.00150821,0.43393781,,0.00371992,0.41345036,0.00000080,0.28342023,0.68559087,0.00066703,0.00023975,0.00100416,0.00000008,0.00023203,0.02889945
Spinel,0.42243093,47.33285142,0.00044290,0.75785794,0.00232653,100.81010950,1.49351971,0.00958460,0.05497665,0.00082387,145.32576050,,0.00972328,0.38633289,0.00015244,0.27291316,0.68420192,0.01233137,0.00381181,0.00032963,0.00013154,0.00015948,0.02762946
Spinel,0.46407128,218.87796090,0.00023610,0.93085505,0.00209973,508.22267950,13.24898620,0.02895918,0.58387093,0.00233448,37.01714505,177.88636280,0.02228492,0.40719887,0.00001216,0.27697795,0.67598550,0.00419469,0.00565793,0.00162988,0.00012919,0.00085219,0.04076851
Spinel,0.45527566,826.07369530,0.00001399,0.99497778,0.00257885,2191.73585700,91.97348238,0.00274476,5.55218055,0.00316226,1.68913477,1020.35936900,0.00700416,0.40799047,0.00000092,0.27859312,0.68324799,0.00030285,0.00231819,0.00224961,0.00001034,0.00023557,0.03453179
Spinel,0.45477807,99.78678230,0.00098101,0.88333600,0.00725307,193.23289930,11.88558940,0.47010987,0.87456212,0.00840438,454.50898400,2.37839974,0.01929184,0.37981501,0.00000137,0.24765181,0.68146372,0.01345627,0.00046326,0.00271167,0.00085616,0.00133740,0.08170046
Spinel,0.46225655,70336.24369000,0.00717772,0.69465397,0.00652082,187709.41580000,27954.62288000,529.96584280,624.84668590,0.00344564,495.38741110,641.03546090,0.06796264,0.38707015,0.00000143,0.24225163,0.63563331,0.00029566,0.00038368,0.00319877,0.00432648,0.00382522,0.08213842
Spinel,0.46407281,41.05857407,0.00068932,0.81075295,0.00260498,140.85540360,5.26664127,0.06720868,0.32301929,0.00270795,471.24602670,12.25848049,0.01906586,0.40059904,0.00000130,0.27020580,0.67752899,0.00655948,0.00344282,0.00232395,0.00031411,0.00074103,0.03976845
Spinel,0.48254287,85.53021786,0.00086655,0.76288188,0.00639692,179.99865570,33.02010668,0.33236646,2.00138371,0.00326816,264.17773050,8.40312101,0.01947127,0.40192055,0.00000272,0.25730138,0.66265782,0.00377641,0.00041638,0.00550170,0.00083953,0.00142356,0.08352887
Spinel,0.45959915,451.94024960,0.00000501,0.99691536,0.00255990,1150.15371900,42.31060843,0.01326228,2.22320750,0.00234821,11.14748546,480.91356490,0.00935766,0.41242218,0.00000088,0.27933958,0.68258906,0.00073118,0.00071473,0.00109514,0.00001382,0.00041383,0.03216691
Spinel,0.46190750,37.10895651,0.00052394,0.84671948,0.00321419,145.99871850,5.89063326,0.05250659,0.29849886,0.00303412,345.12293660,5.23860769,0.01803370,0.40214252,0.00000121,0.26811090,0.68257655,0.00836116,0.00240280,0.00196012,0.00026171,0.00062057,0.04223108
Spinel,0.45122283,235.36303860,0.00037976,0.29395080,0.00180843,1556.11310300,21.12453239,0.00107949,3.50387764,0.00214338,0.66587722,,0.00739474,0.41027022,0.00017649,0.27908976,0.67353457,0.00294167,0.01440577,0.00082660,0.00000013,0.00018152,0.02900873
Spinel,0.46468567,220.92248270,0.00004878,0.97009066,0.00253060,484.45739220,29.01055527,0.01781157,1.27993870,0.00249217,13.14572907,150.97172170,0.01329941,0.41064234,0.00001462,0.27711205,0.67437092,0.00133741,0.00563028,0.00183078,0.00002925,0.00057365,0.04030436
Spinel,0.43247531,29.74024872,0.00047741,0.86889616,0.00386648,45.86447609,3.26007117,0.03860931,0.09841607,0.00396003,338.21144210,5.85289810,0.02079192,0.37303428,0.00000113,0.25060664,0.68421315,0.02388789,0.00126334,0.00257727,0.00036942,0.00064319,0.03642707
Spinel,0.45684629,1022.30504300,0.00005120,0.98474421,0.00172825,3106.12984500,39.80616293,0.00202108,2.21942301,0.00152844,34.30905778,67.38336343,0.00602378,0.41278349,0.00000084,0.28316952,0.68520427,0.00060705,0.00015714,0.00116932,0.00001062,0.00019976,0.03276571
Spinel,0.43170186,34.40483332,0.00181555,0.60866553,0.00142850,64.74445648,2.25379990,0.00601143,0.03829608,0.00187208,1.88031264,,0.01007590,0.37469179,0.00051603,0.25674758,0.68248781,0.02383479,0.01334944,0.00172073,0.00023369,0.00058802,0.03041120
Spinel,0.45079860,382.69896690,0.00000188,0.99879844,0.00102659,837.08980730,33.28586518,0.00095834,1.07169696,0.00110650,0.51795793,,0.00283061,0.41145038,0.00000077,0.28213296,0.68529784,0.00081872,0.00370998,0.00097862,0.00000033,0.00008713,0.02704260
Titanite,0.18726948,0.02873073,4.30136021,0.00035799,0.00007446,0.15079681,0.01176099,0.67554088,0.00007625,0.00119735,47.32136381,0.00808000,34.48527249,0.10514280,0.00603517,0.00566181,0.06364309,0.42999902,0.00216649,0.00003311,0.29200371,0.18873050,0.00515750
Titanite,0.11752689,0.01908959,4.34494130,0.00014478,0.00005960,0.16230326,0.01210837,0.70759903,0.00008483,0.00061773,392.40103730,0.01226988,37.30319237,0.04327594,0.00078374,0.00292808,0.06886427,0.42622482,0.00325014,0.00003428,0.30126946,0.19126721,0.00520464
Titanite,0.26678253,0.03736191,4.07652801,0.00422691,0.00849571,0.17037467,0.01685527,0.66937432,0.00441141,0.03287532,21.13268552,0.04496186,25.81408321,0.10739094,0.01039655,0.01134700,0.07202846,0.41868121,0.01350037,0.00273044,0.27611072,0.18428535,0.00709734
Titanite,0.11514922,0.01892046,4.47924591,0.00008838,0.00002021,0.15859257,0.01210997,0.72826302,0.00002788,0.00016151,342.36729450,0.00878335,37.67520364,0.03912819,0.00108164,0.00279396,0.06597555,0.42356646,0.00290973,0.00001440,0.30387089,0.19135107,0.00513824
Titanite,0.13431570,0.02902317,4.44485202,0.00025006,0.00014092,0.16160908,0.01223499,0.71862971,0.00016025,0.00100585,324.17491230,0.01310869,35.04323255,0.04965095,0.00101959,0.00279437,0.06987834,0.42995519,0.00300340,0.00005234,0.30121617,0.18925093,0.00552040
Titanite,0.10740265,0.01885513,4.84100484,0.00001913,0.00000328,0.15086791,0.01476597,0.75934743,0.00006863,0.00033680,,0.00978703,35.47337876,0.03416454,0.00154802,0.00197481,0.06397096,0.40808360,0.00093429,0.00000784,0.31881053,0.20347136,0.00560768
Titanite,0.10765588,0.01522704,5.32143192,0.00006434,0.00001552,0.14555814,0.01404031,0.77171333,0.00005122,0.00014516,,0.00936299,36.04400581,0.02677844,0.00076625,0.00112277,0.06541285,0.41381525,0.00276163,0.00000789,0.31618597,0.19227154,0.00548121
Titanite,0.18919691,0.02525975,7.42955735,0.00166173,0.00160544,0.15363237,0.01746826,0.92562149,0.00211386,0.02200012,,0.00664504,27.28936491,0.00462617,0.00788681,0.00208737,0.04349782,0.35316677,0.00211151,0.00058401,0.35139922,0.19742343,0.00772391
Titanite,0.11840020,0.01589564,4.83112528,0.00010849,0.00005292,0.16069793,0.01423832,0.74465908,0.00010487,0.00044017,,0.00274919,35.12419875,0.01747311,0.00032521,0.00168576,0.05291296,0.40361749,0.00071948,0.00003470,0.31959700,0.21095794,0.00583175
Titanite,0.13070143,0.01934014,8.50640742,0.00057278,0.00027893,0.14181509,0.01303770,0.96592537,0.00086474,0.00716334,,0.00595200,37.39645377,0.02344056,0.00077277,0.00095342,0.05521859,0.41927595,0.00246178,0.00026021,0.35853394,0.21633293,0.00597661
Titanite,0.12285874,0.01907876,6.44542871,0.00083065,0.00029345,0.14918744,0.01548930,0.94414462,0.00025970,0.00131847,,0.00912714,33.91359643,0.01941720,0.00000883,0.00072208,0.06156460,0.40677912,0.00096839,0.00025796,0.35450116,0.22638947,0.00547574
Titanite,0.14256003,0.02617513,4.29620329,0.00005273,0.00002287,0.16302509,0.01287066,0.67925307,0.00003756,0.00027027,84.65427454,0.01488491,36.48952150,0.04238463,0.00348038,0.00538778,0.06916733,0.42436156,0.00443617,0.00002109,0.29989224,0.18879638,0.00473056
Titanite,0.11668394,0.01905970,4.75123983,0.00073151,0.00044918,0.15351956,0.01290168,0.77987376,0.00059419,0.00356553,92017.26228000,0.00973695,37.23137841,0.02086743,0.00004239,0.00218674,0.05693805,0.40848976,0.00309028,0.00029907,0.31997397,0.19627084,0.00549777
Titanite,0.12106070,0.02087931,4.77600503,0.00046264,0.00020397,0.15786005,0.01300569,0.71076779,0.00044686,0.00198050,1752.39200800,0.01200923,36.79992381,0.05895372,0.00018801,0.00179092,0.06451473,0.42348165,0.00389627,0.00017818,0.30083054,0.19651770,0.00538081
Titanite,0.11243050,0.01910823,4.41028423,0.00010756,0.00006639,0.16214875,0.01204084,0.70936454,0.00009129,0.00044181,427.76274760,0.00938920,37.34293681,0.04239527,0.00078778,0.00261544,0.06834904,0.42614409,0.00276008,0.00003375,0.30174580,0.19236568,0.00510884
Titanite,0.19408761,0.02400525,5.01604280,0.00159925,0.00153386,0.13873418,0.01649492,0.86771954,0.00153301,0.00947414,,0.01148481,29.57461096,0.07446835,0.00585728,0.00318605,0.06709544,0.39258396,0.00391233,0.00049737,0.35143590,0.21839705,0.00698236
Titanite,0.11613058,0.01610197,4.72199502,0.00004448,0.00002198,0.14228166,0.01415775,0.83765335,0.00001988,0.00023003,,0.00642228,37.11127914,0.00955549,0.00006804,0.00009558,0.05448652,0.39598523,0.00200698,0.00000958,0.32642064,0.21333687,0.00529791
Titanite,0.13047957,0.01993519,5.21272198,0.00035556,0.00023150,0.14836780,0.01334690,0.74290009,0.00024974,0.00207352,2246.21487600,0.01184967,37.55292482,0.02929684,0.00012653,0.00214345,0.05544387,0.41979057,0.00345250,0.00012450,0.31129858,0.20148391,0.00540397
Titanite,,0.08303714,,0.00077278,0.00070308,0.05208269,0.09017215,2.14191728,0.00040347,,,0.00144404,27.72714126,,0.00413177,0.00325629,0.06896446,0.17740927,0.00229496,0.00029140,0.53993388,0.23503488,0.00764271
Titanite,0.24327115,0.04723651,4.11422543,0.00320064,0.00715369,0.17377723,0.01803515,0.67336590,0.00355525,0.02590458,25.53088326,0.03956329,25.91826669,0.13206211,0.01105847,0.01178645,0.07157950,0.42183954,0.00480270,0.00111325,0.27810046,0.18792224,0.00748385
Titanite,0.13731387,0.01979217,4.48884023,0.00012795,0.00011173,0.15510722,0.01158331,0.68813784,0.00003600,0.00114525,1039.62395900,0.01176330,37.57819520,0.05763814,0.00025319,0.00218497,0.06793190,0.43751517,0.00364357,0.00001813,0.29534690,0.19242216,0.00506751
Titanite,0.16763297,0.02014829,6.39778232,0.00322068,0.00015440,0.14468340,0.02161632,0.86330204,0.00213021,0.04016769,,0.00115260,34.18785373,0.00936621,0.00011733,0.00143093,0.06488680,0.38629619,0.00204464,0.00105655,0.36624924,0.23875113,0.00618251
Vermiculite,2.06942837,0.73960430,0.08580301,0.81646890,0.13480498,0.35569525,0.08129193,0.02761849,0.16772503,0.46560862,1.57855230,1.26528290,0.36821975,1.83722947,0.00502082,0.27606389,0.15096637,0.41835420,0.01574559,0.07435863,0.00893850,0.00825493,0.03396971
Vermiculite,2.11353697,0.77130883,0.12472070,0.78768038,0.12813914,0.37511775,0.07717804,0.01746997,0.17088970,0.43850429,0.50191540,2.18506986,0.18867881,1.87355575,0.01219312,0.29088566,0.15473452,0.41239575,0.01446754,0.07059352,0.00706031,0.00597370,0.03197830
Vermiculite,2.07869990,0.75569444,0.17574996,0.76990274,0.11116064,0.35681028,0.07183806,0.01431485,0.15011669,0.41815041,0.31663412,3.39114849,0.18431103,1.86160787,0.02385571,0.28998155,0.15411123,0.43414664,0.02041658,0.06379988,0.00564399,0.00570248,0.03032576
Vermiculite,2.06618756,0.71612335,0.07936199,0.87643166,0.12537884,0.35099466,0.09378483,0.01565673,0.17697725,0.46656635,2.93575431,1.46445355,0.21240933,1.83190058,0.00361736,0.27994736,0.15147009,0.43453937,0.01020506,0.07075050,0.00657025,0.00805764,0.03602246
Vermiculite,2.01876953,0.76402184,0.16298632,0.75930862,0.12752295,0.37569578,0.07629345,0.01931591,0.16120244,0.42736396,0.51505566,2.13573238,0.20993709,1.81723151,0.01795556,0.28377899,0.15591991,0.41427727,0.01678765,0.06827084,0.00796748,0.00631650,0.03151323
Vermiculite,1.87009882,0.69470496,0.09337733,0.62649105,0.10639032,0.38254656,0.08795543,0.00759394,0.13246383,0.39928757,0.16534301,4.90159504,0.08702218,1.69554415,0.01267363,0.26891820,0.15584789,0.48510696,0.01970370,0.06258819,0.00295376,0.00492496,0.05095007
Vermiculite,2.07832693,0.73974171,0.08089194,0.86665517,0.11801583,0.35352145,0.08373033,0.01500721,0.16113868,0.45251731,109.14444660,1.12297944,0.21529994,1.84370455,0.00193870,0.28164027,0.15310682,0.43135112,0.00956908,0.06983956,0.00646127,0.00780937,0.03643109
Vermiculite,2.01710597,0.77147291,0.14037606,0.71947055,0.09594200,0.38187222,0.08035149,0.01816059,0.13711043,0.39566872,0.37146106,2.03640370,0.21512532,1.80468410,0.01780101,0.29223749,0.15780176,0.41565192,0.01233108,0.05988001,0.00688076,0.00705888,0.03242764
Vermiculite,2.05436144,0.78009202,0.06243942,0.88153570,0.11034435,0.38766315,0.07996953,0.00369019,0.14054181,0.41364971,0.15851515,7.21375488,0.20644495,1.82796008,0.00745259,0.29318748,0.15954564,0.41875333,0.01003175,0.06453034,0.00144527,0.00693362,0.03554961
Vermiculite,2.05513867,0.78444588,0.06118089,0.75584193,0.10402779,0.38002709,0.08655668,0.00149432,0.13733750,0.37349124,0.64158666,21.62786399,0.14765971,1.82693129,0.00224631,0.27638032,0.15998562,0.42442151,0.00882050,0.06385454,0.00065042,0.00609430,0.03816095
Vermiculite,2.05785666,0.73968723,0.06776276,0.89748982,0.13467662,0.35306075,0.09232632,0.02008303,0.18195451,0.50595907,3.27184167,1.13350670,0.22146418,1.78955146,0.00184074,0.27554724,0.15146830,0.43230242,0.00970396,0.07787318,0.00771344,0.00853153,0.04002770
Vermiculite,2.05369686,0.79711960,0.23127211,0.64609828,0.11017360,0.38180809,0.06699375,0.01836722,0.15463125,0.40253124,0.36869823,3.05045277,0.18533133,1.89280614,0.02274341,0.29031177,0.15313802,0.39890953,0.02389724,0.06220072,0.00750390,0.00539251,0.02756325
Vermiculite,2.08532046,0.72396925,0.04329725,0.90964170,0.13551825,0.34562191,0.09328785,0.02148174,0.17015097,0.53347153,1710.52925200,0.76642626,0.21064182,1.81691485,0.00000304,0.27176770,0.15011255,0.43185409,0.00622380,0.08255880,0.00915964,0.00869346,0.03760194
Vermiculite,2.02707730,0.77414489,0.12771221,0.74691342,0.11387404,0.38229188,0.07647827,0.01650679,0.15318993,0.40357631,0.37615505,3.23311265,0.19787678,1.80942343,0.01722860,0.28682283,0.15657499,0.41094612,0.01873837,0.06334005,0.00642414,0.00702407,0.03234551
Vermiculite,2.00034494,0.76999329,0.14132616,0.76622240,0.12834472,0.38418527,0.08746387,0.01724489,0.17701133,0.46383078,0.47760952,2.56803048,0.28889324,1.77459928,0.01486052,0.27735413,0.15663515,0.40775491,0.01934312,0.07302963,0.00710734,0.00796763,0.03585598
Vermiculite,2.13212786,0.83880972,0.08499197,0.82875812,0.09708163,0.38388409,0.08017929,0.00349291,0.13525012,0.34550898,0.20476744,8.77742146,0.16840493,1.93477454,0.01029903,0.29986677,0.15921265,0.42369725,0.01227049,0.05565881,0.00142898,0.00553930,0.03354065
Vermiculite,2.07383090,0.78737894,0.12120798,0.83382957,0.10368438,0.37902165,0.08199959,0.00375536,0.14048074,0.37147909,0.07283971,11.58009923,0.17430178,1.85867424,0.00686401,0.29255011,0.15918771,0.41344295,0.01849825,0.05781623,0.00159310,0.00588221,0.03338908
Vermiculite,2.03843094,0.79327249,0.12248208,0.73879032,0.10728413,0.40232602,0.08020900,0.00769304,0.15078074,0.37671867,0.15093999,5.19844070,0.17393975,1.83035529,0.02833209,0.29220934,0.15904742,0.40927601,0.01288016,0.06003829,0.00367834,0.00579664,0.03129866
Vermiculite,2.02126832,0.77217947,0.10532436,0.64282213,0.11239467,0.36029458,0.08162270,0.01041000,0.15646839,0.40645917,0.35713225,3.88593389,0.15377777,1.76240351,0.03684712,0.28563845,0.15694545,0.42544870,0.02288337,0.06382616,0.00523371,0.00582037,0.04180942
Vermiculite,2.05301058,0.75123880,0.04281625,0.95685686,0.11619643,0.35499383,0.09026126,0.01060194,0.15073203,0.48195237,625.50802310,1.82476852,0.23024074,1.77483988,0.00005292,0.28575607,0.15233598,0.45453071,0.00130912,0.06854871,0.00305248,0.00755666,0.03937932
Vermiculite,2.05553067,0.80099894,0.08191380,0.82652509,0.11980799,0.39617510,0.08823908,0.00484851,0.21386256,0.45885056,0.14292813,6.12932462,0.17128383,1.82908663,0.01281714,0.29294263,0.15986219,0.39771438,0.01145148,0.06697555,0.00188165,0.00683159,0.03603807
Vermiculite,2.06915704,0.75743193,0.12180493,0.78812135,0.12165004,0.36766174,0.07850621,0.01865526,0.15931357,0.46949137,1.06277076,1.65930200,0.20730313,1.87492493,0.01137476,0.28801369,0.15579914,0.41854928,0.01407577,0.07150792,0.00944377,0.00674523,0.02865547
Vermiculite,2.09872183,0.74467487,0.05120272,0.86076667,0.12801902,0.35386190,0.08095621,0.01210775,0.16654707,0.46476561,1.94605725,1.96876503,0.22925831,1.90351172,0.00421458,0.28775590,0.15170535,0.42720984,0.01063710,0.07045505,0.00742809,0.00754267,0.03435090
Chlorite,1.51014592,1.37891274,0.03733340,0.19905218,0.00641043,0.92664723,0.19427956,0.00506733,0.00898828,0.00401860,0.07848144,11.02200889,0.00283901,1.28649548,0.01208713,0.35466753,0.27406405,0.29750350,0.00512765,0.00535405,0.00077091,0.00024033,0.05729971
Chlorite,1.51628332,1.36317763,0.02183100,0.06534059,0.00111012,0.90647972,0.19976321,0.00934230,0.00190496,0.00226838,0.10007671,,0.00000000,1.28766800,0.01012753,0.34131216,0.26371200,0.30100611,0.00620684,0.00060301,0.00331483,0.00000000,0.06060125
Chlorite,1.51647037,1.33829671,0.09879797,0.04729554,0.00094540,0.83947945,0.19463189,0.00463635,0.00172008,0.00207011,0.13631257,2.14677121,0.00240457,1.27581997,0.01034420,0.33787158,0.26688518,0.31919144,0.00611622,0.00060594,0.00127920,0.00056634,0.06115981
Chlorite,1.54755223,1.36057964,0.01063268,0.21722792,0.00351764,0.85902186,0.23140699,0.00502228,0.00591100,0.00483945,0.78150747,0.54651917,0.00361715,1.32024176,0.00519016,0.33531863,0.26517348,0.30539266,0.00317619,0.00114298,0.00121627,0.00025731,0.07101683
Chlorite,1.51050102,1.28568928,0.03655714,0.11244181,0.00120157,0.85083478,0.18769261,0.00342341,0.00185556,0.00279481,0.18960418,2.32207220,0.00000000,1.25864640,0.00724793,0.33789103,0.26976164,0.32022312,0.00259802,0.00057944,0.00103854,0.00000000,0.06376686
Illite (var. Muscovite),0.15743861,0.08575954,0.06432105,0.77352969,0.08232624,0.55669108,0.02446564,0.00558473,0.12774730,0.23276022,0.19108639,8.64446280,0.15772780,0.11665196,0.01591156,0.03412980,0.29513264,0.53721851,0.02578753,0.06810747,0.00299668,0.00257602,0.01228845
Illite (var. Muscovite),0.11054249,0.06565000,0.00674966,0.96324025,0.15940166,0.57286741,0.02721200,0.00745641,0.13161241,0.33928652,1036.41722600,2.07826581,0.99617200,0.07472330,0.00000144,0.01723071,0.31297180,0.52776427,0.00337170,0.10214352,0.00464317,0.00824933,0.01424804
Illite (var. Muscovite),0.03797724,0.04790551,0.00377509,0.93736187,0.03317793,0.68280103,0.01714119,0.00286431,0.05872501,0.08446484,562.31602900,5.32307026,0.80573697,0.03205408,0.00000214,0.00960086,0.40162382,0.54080328,0.00727629,0.02317595,0.00154877,0.00040411,0.00773196
Illite (var. Muscovite),0.12756088,0.06458452,0.00371905,0.98238176,0.07490228,0.53760094,0.02694649,0.00196691,0.10923387,0.21444815,760.77929870,4.02299791,1.18506795,0.06982631,0.00000150,0.02424059,0.30451624,0.57119517,0.00417038,0.06586265,0.00112358,0.01762603,0.01441950
Illite (var. Muscovite),0.16497570,0.09236222,0.04095344,0.84634214,0.07975686,0.55277191,0.02538906,0.00453596,0.13116464,0.23135877,0.25020364,7.16906019,0.33148077,0.11264108,0.00982870,0.03515059,0.30113691,0.55026994,0.01957871,0.06769457,0.00245023,0.00461057,0.01376066
